COUNTRY,TIME,YEAR,MONTH,MONTH_NAME,PRODUCT,VALUE,yearToDate,share,periodo_id
Chile,January 2010,2010,1,January,Hydro,2277.808,21641.001,0.4764879003081534,1
Chile,January 2010,2010,1,January,Wind,21.126,332.001,0.0044192852873947,1
Chile,January 2010,2010,1,January,Coal,1287.305,15974.071,0.2692875152366606,1
Chile,January 2010,2010,1,January,Oil,382.032,8022.08,0.0799161411016751,1
Chile,January 2010,2010,1,January,Natural gas,645.119,10124.676,0.1349505304041849,1
Chile,January 2010,2010,1,January,Combustible renewables,157.687,2128.172,0.0329860758834334,1
Chile,February 2010,2010,2,February,Hydro,1741.263,21641.001,0.3961060985438645,2
Chile,February 2010,2010,2,February,Wind,15.111,332.001,0.0034374814459942,2
Chile,February 2010,2010,2,February,Coal,1200.646,15974.071,0.2731254283771588,2
Chile,February 2010,2010,2,February,Oil,884.171,8022.08,0.2011330426567539,2
Chile,February 2010,2010,2,February,Natural gas,384.781,10124.676,0.0875307754795265,2
Chile,February 2010,2010,2,February,Combustible renewables,160.646,2128.172,0.036544083407663,2
Chile,March 2010,2010,3,March,Hydro,1580.975,21641.001,0.3535800829058882,3
Chile,March 2010,2010,3,March,Wind,14.935,332.001,0.0033401657446825,3
Chile,March 2010,2010,3,March,Coal,1263.893,15974.071,0.282665691566389,3
Chile,March 2010,2010,3,March,Oil,507.07,8022.08,0.1134046095852804,3
Chile,March 2010,2010,3,March,Natural gas,946.21,10124.676,0.2116168884684328,3
Chile,March 2010,2010,3,March,Combustible renewables,148.919,2128.172,0.0333052656533227,3
Chile,April 2010,2010,4,April,Hydro,1740.416,21641.001,0.3807497796445128,4
Chile,April 2010,2010,4,April,Wind,20.359,332.001,0.0044539263967825,4
Chile,April 2010,2010,4,April,Coal,1154.644,15974.071,0.252600785425932,4
Chile,April 2010,2010,4,April,Oil,748.172,8022.08,0.1636771462318172,4
Chile,April 2010,2010,4,April,Natural gas,745.274,10124.676,0.1630431524846844,4
Chile,April 2010,2010,4,April,Combustible renewables,152.826,2128.172,0.0334336536919634,4
Chile,May 2010,2010,5,May,Hydro,1839.581,21641.001,0.3889400428650351,5
Chile,May 2010,2010,5,May,Wind,15.092,332.001,0.0031908804923072,5
Chile,May 2010,2010,5,May,Coal,1500.755,15974.071,0.3173025346695339,5
Chile,May 2010,2010,5,May,Oil,348.969,8022.08,0.0737820285263701,5
Chile,May 2010,2010,5,May,Natural gas,866.73,10124.676,0.1832515139873764,5
Chile,May 2010,2010,5,May,Combustible renewables,149.268,2128.172,0.0315595248691838,5
Chile,June 2010,2010,6,June,Hydro,1649.965,21641.001,0.3373024796551182,6
Chile,June 2010,2010,6,June,Wind,18.945,332.001,0.0038729278966924,6
Chile,June 2010,2010,6,June,Coal,1484.813,15974.071,0.3035404428119112,6
Chile,June 2010,2010,6,June,Oil,752.733,8022.08,0.1538812686440234,6
Chile,June 2010,2010,6,June,Natural gas,819.433,10124.676,0.1675167550894913,6
Chile,June 2010,2010,6,June,Combustible renewables,156.426,2128.172,0.0319781799508059,6
Chile,July 2010,2010,7,July,Hydro,1754.004,21641.001,0.3381052194922418,7
Chile,July 2010,2010,7,July,Wind,24.16,332.001,0.0046571285486991,7
Chile,July 2010,2010,7,July,Coal,1459.547,15974.071,0.2813451159713679,7
Chile,July 2010,2010,7,July,Oil,991.32,8022.08,0.1910887695735296,7
Chile,July 2010,2010,7,July,Natural gas,770.437,10124.676,0.1485109332646586,7
Chile,July 2010,2010,7,July,Combustible renewables,178.945,2128.172,0.0344937859332357,7
Chile,August 2010,2010,8,August,Hydro,1498.787,21641.001,0.2905757299692845,8
Chile,August 2010,2010,8,August,Wind,20.083,332.001,0.0038935701904094,8
Chile,August 2010,2010,8,August,Coal,1476.771,15974.071,0.2863074014669665,8
Chile,August 2010,2010,8,August,Oil,1131.87,8022.08,0.2194400882048844,8
Chile,August 2010,2010,8,August,Natural gas,869.743,10124.676,0.1686204958480928,8
Chile,August 2010,2010,8,August,Combustible renewables,151.404,2128.172,0.0293532889064754,8
Chile,September 2010,2010,9,September,Hydro,1705.578,21641.001,0.3496322930258158,9
Chile,September 2010,2010,9,September,Wind,109.861,332.001,0.0225207837718997,9
Chile,September 2010,2010,9,September,Coal,953.081,15974.071,0.1953753481044769,9
Chile,September 2010,2010,9,September,Oil,1014.763,8022.08,0.2080197531674048,9
Chile,September 2010,2010,9,September,Natural gas,942.609,10124.676,0.1932286568522643,9
Chile,September 2010,2010,9,September,Combustible renewables,142.98,2128.172,0.0293099613484878,9
Chile,October 2010,2010,10,October,Hydro,1979.66,21641.001,0.3966278438893194,10
Chile,October 2010,2010,10,October,Wind,23.519,332.001,0.0047120668500817,10
Chile,October 2010,2010,10,October,Coal,1385.451,15974.071,0.2775771814070605,10
Chile,October 2010,2010,10,October,Oil,603.158,8022.08,0.1208436080259206,10
Chile,October 2010,2010,10,October,Natural gas,786.13,10124.676,0.1575023220738463,10
Chile,October 2010,2010,10,October,Combustible renewables,203.976,2128.172,0.0408668968838931,10
Chile,November 2010,2010,11,November,Hydro,2010.61,21641.001,0.4065655171632844,11
Chile,November 2010,2010,11,November,Wind,25.229,332.001,0.0051015569566014,11
Chile,November 2010,2010,11,November,Coal,1364.775,15974.071,0.2759711996292276,11
Chile,November 2010,2010,11,November,Oil,170.287,8022.08,0.0344337401192594,11
Chile,November 2010,2010,11,November,Natural gas,1124.149,10124.676,0.2273142079038644,11
Chile,November 2010,2010,11,November,Combustible renewables,240.969,2128.172,0.048726349767145,11
Chile,December 2010,2010,12,December,Hydro,1862.354,21641.001,0.3491882541299787,12
Chile,December 2010,2010,12,December,Wind,23.581,332.001,0.0044213979837555,12
Chile,December 2010,2010,12,December,Coal,1442.39,15974.071,0.2704457078914857,12
Chile,December 2010,2010,12,December,Oil,487.535,8022.08,0.0914119955052901,12
Chile,December 2010,2010,12,December,Natural gas,1224.061,10124.676,0.2295093862598602,12
Chile,December 2010,2010,12,December,Combustible renewables,284.126,2128.172,0.0532731488712319,12
Chile,January 2011,2011,1,January,Hydro,1896.733,20937.001,0.3638760460271113,13
Chile,January 2011,2011,1,January,Wind,28.383,338.001,0.005445096286292,13
Chile,January 2011,2011,1,January,Coal,1356.818,18534.705,0.2602968203845313,13
Chile,January 2011,2011,1,January,Oil,335.836,6003.775,0.0644279800022253,13
Chile,January 2011,2011,1,January,Natural gas,1267.7,12960.784,0.2432001043629066,13
Chile,January 2011,2011,1,January,Combustible renewables,327.11,4414.735,0.0627539529369333,13
Chile,February 2011,2011,2,February,Hydro,1470.305,20937.001,0.3072395488652988,14
Chile,February 2011,2011,2,February,Wind,18.898,338.001,0.0039489854108204,14
Chile,February 2011,2011,2,February,Coal,1216.822,18534.705,0.2542709453680499,14
Chile,February 2011,2011,2,February,Oil,529.6,6003.775,0.1106668786945989,14
Chile,February 2011,2011,2,February,Natural gas,1216.66,12960.784,0.2542370933394462,14
Chile,February 2011,2011,2,February,Combustible renewables,333.248,4414.735,0.0696365483217856,14
Chile,March 2011,2011,3,March,Hydro,1277.178,20937.001,0.235173996216749,15
Chile,March 2011,2011,3,March,Wind,29.798,338.001,0.0054868739825354,15
Chile,March 2011,2011,3,March,Coal,1416.557,18534.705,0.2608386384347438,15
Chile,March 2011,2011,3,March,Oil,1035.994,6003.775,0.1907634245473807,15
Chile,March 2011,2011,3,March,Natural gas,1362.332,12960.784,0.2508538830248846,15
Chile,March 2011,2011,3,March,Combustible renewables,308.921,4414.735,0.0568833679293523,15
Chile,April 2011,2011,4,April,Hydro,1201.971,20937.001,0.2378344825975951,16
Chile,April 2011,2011,4,April,Wind,28.51,338.001,0.0056412851049296,16
Chile,April 2011,2011,4,April,Coal,1528.301,18534.705,0.3024055302402364,16
Chile,April 2011,2011,4,April,Oil,676.744,6003.775,0.1339076059996679,16
Chile,April 2011,2011,4,April,Natural gas,1301.261,12960.784,0.2574810346168328,16
Chile,April 2011,2011,4,April,Combustible renewables,317.025,4414.735,0.0627298635703378,16
Chile,May 2011,2011,5,May,Hydro,1227.938,20937.001,0.2300245958911936,17
Chile,May 2011,2011,5,May,Wind,15.68,338.001,0.0029372701745315,17
Chile,May 2011,2011,5,May,Coal,1762.526,18534.705,0.3301667762523205,17
Chile,May 2011,2011,5,May,Oil,710.437,6003.775,0.1330832532515093,17
Chile,May 2011,2011,5,May,Natural gas,1312.062,12960.784,0.2457832002382785,17
Chile,May 2011,2011,5,May,Combustible renewables,309.646,4414.735,0.0580047168662624,17
Chile,June 2011,2011,6,June,Hydro,1255.332,20937.001,0.2389574692054814,18
Chile,June 2011,2011,6,June,Wind,35.85,338.001,0.0068241909479058,18
Chile,June 2011,2011,6,June,Coal,1632.931,18534.705,0.3108349497560613,18
Chile,June 2011,2011,6,June,Oil,809.197,6003.775,0.1540338868193179,18
Chile,June 2011,2011,6,June,Natural gas,1195.566,12960.784,0.227580771961617,18
Chile,June 2011,2011,6,June,Combustible renewables,324.495,4414.735,0.0617689216636178,18
Chile,July 2011,2011,7,July,Hydro,1614.138,20937.001,0.3066109470125084,19
Chile,July 2011,2011,7,July,Wind,25.181,338.001,0.0047832157205406,19
Chile,July 2011,2011,7,July,Coal,1683.029,18534.705,0.3196970243805146,19
Chile,July 2011,2011,7,July,Oil,387.65,6003.775,0.0736354225037753,19
Chile,July 2011,2011,7,July,Natural gas,1183.243,12960.784,0.2247609911766661,19
Chile,July 2011,2011,7,July,Combustible renewables,371.208,4414.735,0.0705122092526285,19
Chile,August 2011,2011,8,August,Hydro,1960.977,20937.001,0.3694389924916908,20
Chile,August 2011,2011,8,August,Wind,23.802,338.001,0.0044841866576136,20
Chile,August 2011,2011,8,August,Coal,1633.425,18534.705,0.3077297114197362,20
Chile,August 2011,2011,8,August,Oil,219.314,6003.775,0.0413177427370757,20
Chile,August 2011,2011,8,August,Natural gas,1156.392,12960.784,0.2178589016625138,20
Chile,August 2011,2011,8,August,Combustible renewables,314.076,4414.735,0.0591704650313697,20
Chile,September 2011,2011,9,September,Hydro,2015.396,20937.001,0.4063428646200553,21
Chile,September 2011,2011,9,September,Wind,33.026,338.001,0.006658681195627,21
Chile,September 2011,2011,9,September,Coal,1647.196,18534.705,0.3321066139015343,21
Chile,September 2011,2011,9,September,Oil,201.196,6003.775,0.0405650100477011,21
Chile,September 2011,2011,9,September,Natural gas,766.425,12960.784,0.1545261229140208,21
Chile,September 2011,2011,9,September,Combustible renewables,296.602,4414.735,0.0598007073210612,21
Chile,October 2011,2011,10,October,Hydro,2349.763,20937.001,0.440896878454236,22
Chile,October 2011,2011,10,October,Wind,39.512,338.001,0.0074138189517341,22
Chile,October 2011,2011,10,October,Coal,1639.95,18534.705,0.3077113886894229,22
Chile,October 2011,2011,10,October,Oil,205.381,6003.775,0.0385365850912664,22
Chile,October 2011,2011,10,October,Natural gas,671.769,12960.784,0.1260471184295283,22
Chile,October 2011,2011,10,October,Combustible renewables,423.133,4414.735,0.0793943980184283,22
Chile,November 2011,2011,11,November,Hydro,2459.934,20937.001,0.4561723443103213,23
Chile,November 2011,2011,11,November,Wind,36.612,338.001,0.0067893617755149,23
Chile,November 2011,2011,11,November,Coal,1376.619,18534.705,0.2552814491982834,23
Chile,November 2011,2011,11,November,Oil,288.539,6003.775,0.0535069282570003,23
Chile,November 2011,2011,11,November,Natural gas,730.978,12960.784,0.1355532091101915,23
Chile,November 2011,2011,11,November,Combustible renewables,499.872,4414.735,0.0926967073486885,23
Chile,December 2011,2011,12,December,Hydro,2207.336,20937.001,0.3766593439446253,24
Chile,December 2011,2011,12,December,Wind,22.749,338.001,0.0038818845048494,24
Chile,December 2011,2011,12,December,Coal,1640.531,18534.705,0.2799398597136187,24
Chile,December 2011,2011,12,December,Oil,603.887,6003.775,0.10304714879687,24
Chile,December 2011,2011,12,December,Natural gas,796.396,12960.784,0.1358968434710999,24
Chile,December 2011,2011,12,December,Combustible renewables,589.399,4414.735,0.1005749195689366,24
Chile,January 2012,2012,1,January,Hydro,1909.02,19976.999,0.3465850024854368,25
Chile,January 2012,2012,1,January,Wind,27.048,409.0,0.0049105987088799,25
Chile,January 2012,2012,1,January,Coal,1791.947,23415.5,0.3253302508348635,25
Chile,January 2012,2012,1,January,Oil,344.075,5678.054,0.0624672526899543,25
Chile,January 2012,2012,1,January,Natural gas,1181.571,11874.561,0.2145157138069376,25
Chile,January 2012,2012,1,January,Combustible renewables,254.425,4485.884,0.0461911814739276,25
Chile,February 2012,2012,2,February,Hydro,1656.485,19976.999,0.3146356575365466,26
Chile,February 2012,2012,2,February,Wind,37.028,409.0,0.0070331630695498,26
Chile,February 2012,2012,2,February,Coal,1811.879,23415.5,0.344151465628521,26
Chile,February 2012,2012,2,February,Oil,481.755,5678.054,0.0915053871278756,26
Chile,February 2012,2012,2,February,Natural gas,1026.986,11874.561,0.1950675166939803,26
Chile,February 2012,2012,2,February,Combustible renewables,250.64,4485.884,0.0476069998852751,26
Chile,March 2012,2012,3,March,Hydro,1678.313,19976.999,0.2968387090384148,27
Chile,March 2012,2012,3,March,Wind,29.422,409.0,0.0052037900542558,27
Chile,March 2012,2012,3,March,Coal,1975.331,23415.5,0.3493714843200053,27
Chile,March 2012,2012,3,March,Oil,566.26,5678.054,0.1001528841045101,27
Chile,March 2012,2012,3,March,Natural gas,1138.842,11874.561,0.2014239233556115,27
Chile,March 2012,2012,3,March,Combustible renewables,265.788,4485.884,0.0470092091272022,27
Chile,April 2012,2012,4,April,Hydro,1169.701,19976.999,0.2174701422692656,28
Chile,April 2012,2012,4,April,Wind,15.325,409.0,0.0028492152526812,28
Chile,April 2012,2012,4,April,Coal,1706.285,23415.5,0.3172315332738143,28
Chile,April 2012,2012,4,April,Oil,904.071,5678.054,0.1680843642875548,28
Chile,April 2012,2012,4,April,Natural gas,1238.689,11874.561,0.2302963518517761,28
Chile,April 2012,2012,4,April,Combustible renewables,344.603,4485.884,0.0640683930649078,28
Chile,May 2012,2012,5,May,Hydro,1153.162,19976.999,0.2023264092914605,29
Chile,May 2012,2012,5,May,Wind,36.314,409.0,0.006371421558298,29
Chile,May 2012,2012,5,May,Coal,1962.115,23415.5,0.3442601148554271,29
Chile,May 2012,2012,5,May,Oil,1013.844,5678.054,0.177882566457871,29
Chile,May 2012,2012,5,May,Natural gas,1118.288,11874.561,0.1962076408984416,29
Chile,May 2012,2012,5,May,Combustible renewables,415.79,4485.884,0.0729518469385016,29
Chile,June 2012,2012,6,June,Hydro,2048.801,19976.999,0.374612757415868,30
Chile,June 2012,2012,6,June,Wind,36.709,409.0,0.0067120524208935,30
Chile,June 2012,2012,6,June,Coal,1870.361,23415.5,0.3419859183849971,30
Chile,June 2012,2012,6,June,Oil,383.911,5678.054,0.0701961578075583,30
Chile,June 2012,2012,6,June,Natural gas,742.616,11874.561,0.1357835277614283,30
Chile,June 2012,2012,6,June,Combustible renewables,386.719,4485.884,0.0707095862092546,30
Chile,July 2012,2012,7,July,Hydro,2349.024,19976.999,0.4285666589492616,31
Chile,July 2012,2012,7,July,Wind,42.709,409.0,0.007792024873762,31
Chile,July 2012,2012,7,July,Coal,1774.551,23415.5,0.323757183070531,31
Chile,July 2012,2012,7,July,Oil,199.35,5678.054,0.0363703237861917,31
Chile,July 2012,2012,7,July,Natural gas,703.948,11874.561,0.1284314857719694,31
Chile,July 2012,2012,7,July,Combustible renewables,411.535,4485.884,0.075082323548284,31
Chile,August 2012,2012,8,August,Hydro,1731.271,19976.999,0.3101949102313537,32
Chile,August 2012,2012,8,August,Wind,32.116,409.0,0.0057542809513878,32
Chile,August 2012,2012,8,August,Coal,2063.967,23415.5,0.3698046454226268,32
Chile,August 2012,2012,8,August,Oil,278.56,5678.054,0.0499100915997818,32
Chile,August 2012,2012,8,August,Natural gas,1060.124,11874.561,0.1899443062432766,32
Chile,August 2012,2012,8,August,Combustible renewables,415.198,4485.884,0.0743917655515731,32
Chile,September 2012,2012,9,September,Hydro,1522.577,19976.999,0.2967308443373171,33
Chile,September 2012,2012,9,September,Wind,36.031,409.0,0.0070219825022431,33
Chile,September 2012,2012,9,September,Coal,2046.672,23415.5,0.3988702775896033,33
Chile,September 2012,2012,9,September,Oil,189.519,5678.054,0.0369348367195642,33
Chile,September 2012,2012,9,September,Natural gas,918.123,11874.561,0.1789304665678718,33
Chile,September 2012,2012,9,September,Combustible renewables,418.249,4485.884,0.0815113973961504,33
Chile,October 2012,2012,10,October,Hydro,1658.147,19976.999,0.2973774637278287,34
Chile,October 2012,2012,10,October,Wind,35.272,409.0,0.0063257949389336,34
Chile,October 2012,2012,10,October,Coal,2072.005,23415.5,0.3716001004322172,34
Chile,October 2012,2012,10,October,Oil,374.706,5678.054,0.0672009899747126,34
Chile,October 2012,2012,10,October,Natural gas,992.903,11874.561,0.1780704460266504,34
Chile,October 2012,2012,10,October,Combustible renewables,442.866,4485.884,0.0794250255564124,34
Chile,November 2012,2012,11,November,Hydro,1566.059,19976.999,0.2855002337148853,35
Chile,November 2012,2012,11,November,Wind,32.724,409.0,0.0059657456379905,35
Chile,November 2012,2012,11,November,Coal,2135.813,23415.5,0.3893691812832661,35
Chile,November 2012,2012,11,November,Oil,560.753,5678.054,0.102228021138618,35
Chile,November 2012,2012,11,November,Natural gas,790.792,11874.561,0.1441652586651343,35
Chile,November 2012,2012,11,November,Combustible renewables,399.174,4485.884,0.0727713772552028,35
Chile,December 2012,2012,12,December,Hydro,1534.439,19976.999,0.2734629195737552,36
Chile,December 2012,2012,12,December,Wind,48.302,409.0,0.0086082313739754,36
Chile,December 2012,2012,12,December,Coal,2204.574,23415.5,0.3928922834054607,36
Chile,December 2012,2012,12,December,Oil,381.25,5678.054,0.0679451826286311,36
Chile,December 2012,2012,12,December,Natural gas,961.679,11874.561,0.1713874236986737,36
Chile,December 2012,2012,12,December,Combustible renewables,480.897,4485.884,0.0857039593195038,36
Chile,January 2013,2013,1,January,Hydro,1758.742,19678.001,0.3001144322124801,37
Chile,January 2013,2013,1,January,Wind,15.387,553.0,0.0026256612786033,37
Chile,January 2013,2013,1,January,Coal,2268.113,28360.618,0.3870342808602653,37
Chile,January 2013,2013,1,January,Oil,271.462,5113.074,0.0463226920135325,37
Chile,January 2013,2013,1,January,Natural gas,1116.238,10463.458,0.190476564262407,37
Chile,January 2013,2013,1,January,Combustible renewables,416.629,5403.854,0.0710942115320231,37
Chile,February 2013,2013,2,February,Hydro,1441.08,19678.001,0.2707448357491099,38
Chile,February 2013,2013,2,February,Wind,33.852,553.0,0.0063599898546776,38
Chile,February 2013,2013,2,February,Coal,2228.558,28360.618,0.4186933200567387,38
Chile,February 2013,2013,2,February,Oil,187.655,5113.074,0.0352559345438832,38
Chile,February 2013,2013,2,February,Natural gas,1025.155,10463.458,0.1926023691206448,38
Chile,February 2013,2013,2,February,Combustible renewables,392.685,5403.854,0.0737762204916723,38
Chile,March 2013,2013,3,March,Hydro,1325.596,19678.001,0.2257304161755335,39
Chile,March 2013,2013,3,March,Wind,40.446,553.0,0.0068873868151651,39
Chile,March 2013,2013,3,March,Solar,0.527,8.0,8.974071234713002e-05,39
Chile,March 2013,2013,3,March,Coal,2553.965,28360.618,0.4349044372099391,39
Chile,March 2013,2013,3,March,Oil,331.001,5113.074,0.0563648302231733,39
Chile,March 2013,2013,3,March,Natural gas,1125.96,10463.458,0.1917352039361945,39
Chile,March 2013,2013,3,March,Combustible renewables,481.312,5403.854,0.0819606864159807,39
Chile,April 2013,2013,4,April,Hydro,1302.255,19678.001,0.2364204242498072,40
Chile,April 2013,2013,4,April,Wind,38.015,553.0,0.0069015073298673,40
Chile,April 2013,2013,4,April,Solar,0.477,8.0,8.65978954714384e-05,40
Chile,April 2013,2013,4,April,Coal,2357.513,28360.618,0.4279992963240192,40
Chile,April 2013,2013,4,April,Oil,324.907,5113.074,0.0589858751025967,40
Chile,April 2013,2013,4,April,Natural gas,1043.474,10463.458,0.1894395228074711,40
Chile,April 2013,2013,4,April,Combustible renewables,427.91,5403.854,0.0776857556628578,40
Chile,May 2013,2013,5,May,Hydro,1236.982,19678.001,0.2059314789241796,41
Chile,May 2013,2013,5,May,Wind,45.134,553.0,0.0075138614545433,41
Chile,May 2013,2013,5,May,Solar,0.426,8.0,7.092003765754111e-05,41
Chile,May 2013,2013,5,May,Coal,2424.516,28360.618,0.4036309061533121,41
Chile,May 2013,2013,5,May,Oil,745.121,5113.074,0.1240469703742363,41
Chile,May 2013,2013,5,May,Natural gas,1007.169,10463.458,0.1676724493133991,41
Chile,May 2013,2013,5,May,Combustible renewables,533.751,5403.854,0.0888583122529348,41
Chile,June 2013,2013,6,June,Hydro,1325.69,19678.001,0.2189711334835437,42
Chile,June 2013,2013,6,June,Wind,34.328,553.0,0.0056701348506989,42
Chile,June 2013,2013,6,June,Solar,0.347,8.0,5.73158003143945e-05,42
Chile,June 2013,2013,6,June,Coal,2547.113,28360.618,0.4207199426115225,42
Chile,June 2013,2013,6,June,Oil,948.947,5113.074,0.1567425266885986,42
Chile,June 2013,2013,6,June,Natural gas,669.989,10463.458,0.1106655784923367,42
Chile,June 2013,2013,6,June,Combustible renewables,514.097,5403.854,0.0849160835568567,42
Chile,July 2013,2013,7,July,Hydro,1727.461,19678.001,0.28113005931612,43
Chile,July 2013,2013,7,July,Wind,50.913,553.0,0.0082856716938684,43
Chile,July 2013,2013,7,July,Solar,0.366,8.0,5.9563487517055336e-05,43
Chile,July 2013,2013,7,July,Coal,2411.114,28360.618,0.3923889580360584,43
Chile,July 2013,2013,7,July,Oil,678.424,5113.074,0.1104079220089364,43
Chile,July 2013,2013,7,July,Natural gas,760.804,10463.458,0.1238145889533491,43
Chile,July 2013,2013,7,July,Combustible renewables,501.955,5403.854,0.0816890447448729,43
Chile,August 2013,2013,8,August,Hydro,1574.875,19678.001,0.2629692976091939,44
Chile,August 2013,2013,8,August,Wind,61.281,553.0,0.0102325718084222,44
Chile,August 2013,2013,8,August,Solar,0.791,8.0,0.0001320795075221,44
Chile,August 2013,2013,8,August,Coal,2526.882,28360.618,0.4219334135606414,44
Chile,August 2013,2013,8,August,Oil,542.062,5113.074,0.0905123666326755,44
Chile,August 2013,2013,8,August,Natural gas,821.31,10463.458,0.1371406072351183,44
Chile,August 2013,2013,8,August,Combustible renewables,447.948,5403.854,0.0747974099058294,44
Chile,September 2013,2013,9,September,Hydro,1906.971,19678.001,0.3519950132973814,45
Chile,September 2013,2013,9,September,Wind,75.363,553.0,0.0139107517561255,45
Chile,September 2013,2013,9,September,Solar,1.028,8.0,0.0001897516394689,45
Chile,September 2013,2013,9,September,Coal,2259.413,28360.618,0.417049923139511,45
Chile,September 2013,2013,9,September,Oil,107.659,5113.074,0.0198720542350055,45
Chile,September 2013,2013,9,September,Natural gas,622.642,10463.458,0.1149293193601309,45
Chile,September 2013,2013,9,September,Combustible renewables,430.865,5403.854,0.0795304865172969,45
Chile,October 2013,2013,10,October,Hydro,1983.631,19678.001,0.3407716925468266,46
Chile,October 2013,2013,10,October,Wind,54.202,553.0,0.0093114633111819,46
Chile,October 2013,2013,10,October,Solar,1.374,8.0,0.0002360420388466,46
Chile,October 2013,2013,10,October,Coal,2374.912,28360.618,0.4079905899281514,46
Chile,October 2013,2013,10,October,Oil,247.326,5113.074,0.0424885977436511,46
Chile,October 2013,2013,10,October,Natural gas,733.994,10463.458,0.1260942068858651,46
Chile,October 2013,2013,10,October,Combustible renewables,411.891,5403.854,0.070759527964024,46
Chile,November 2013,2013,11,November,Hydro,2008.419,19678.001,0.3470179870900993,47
Chile,November 2013,2013,11,November,Wind,61.28,553.0,0.0105880606829955,47
Chile,November 2013,2013,11,November,Solar,1.342,8.0,0.0002318729999441,47
Chile,November 2013,2013,11,November,Coal,2095.688,28360.618,0.3620964705715669,47
Chile,November 2013,2013,11,November,Oil,473.928,5113.074,0.0818860708774596,47
Chile,November 2013,2013,11,November,Natural gas,711.032,10463.458,0.1228532957498646,47
Chile,November 2013,2013,11,November,Combustible renewables,422.297,5403.854,0.0729651805196961,47
Chile,December 2013,2013,12,December,Hydro,2086.299,19678.001,0.350067553690586,48
Chile,December 2013,2013,12,December,Wind,42.799,553.0,0.007181396928438,48
Chile,December 2013,2013,12,December,Solar,1.322,8.0,0.0002218230972544,48
Chile,December 2013,2013,12,December,Coal,2312.831,28360.618,0.388078166298192,48
Chile,December 2013,2013,12,December,Oil,254.582,5113.074,0.0427172221976125,48
Chile,December 2013,2013,12,December,Natural gas,825.691,10463.458,0.1385456391793955,48
Chile,December 2013,2013,12,December,Combustible renewables,422.514,5403.854,0.0708951317045276,48
Chile,January 2014,2014,1,January,Hydro,1859.865,22814.0,0.3159261256746829,49
Chile,January 2014,2014,1,January,Wind,68.522,1441.001,0.0116394953308334,49
Chile,January 2014,2014,1,January,Solar,5.528,479.999,0.0009390141879811,49
Chile,January 2014,2014,1,January,Coal,2094.513,25425.673,0.355784628059164,49
Chile,January 2014,2014,1,January,Oil,483.172,3808.083,0.082074052683656,49
Chile,January 2014,2014,1,January,Natural gas,891.746,9984.118,0.1514765097821055,49
Chile,January 2014,2014,1,January,Combustible renewables,459.43,5208.127,0.0780411158437411,49
Chile,February 2014,2014,2,February,Hydro,1381.383,22814.0,0.2561718252773158,50
Chile,February 2014,2014,2,February,Wind,81.769,1441.001,0.0151637264836043,50
Chile,February 2014,2014,2,February,Solar,19.629,479.999,0.0036401177358983,50
Chile,February 2014,2014,2,February,Coal,2063.092,25425.673,0.3825919700438097,50
Chile,February 2014,2014,2,February,Oil,308.118,3808.083,0.0571392224030525,50
Chile,February 2014,2014,2,February,Natural gas,1099.694,9984.118,0.2039337527872519,50
Chile,February 2014,2014,2,February,Combustible renewables,414.474,5208.127,0.0768625074363809,50
Chile,March 2014,2014,3,March,Hydro,1381.592,22814.0,0.2325117846931099,51
Chile,March 2014,2014,3,March,Wind,75.237,1441.001,0.0126618344235892,51
Chile,March 2014,2014,3,March,Solar,34.38,479.999,0.0057859014511875,51
Chile,March 2014,2014,3,March,Coal,2186.637,25425.673,0.367994944488668,51
Chile,March 2014,2014,3,March,Oil,545.171,3808.083,0.0917482745795628,51
Chile,March 2014,2014,3,March,Natural gas,1202.603,9984.118,0.2023892508115913,51
Chile,March 2014,2014,3,March,Combustible renewables,492.16,5208.127,0.082826912688088,51
Chile,April 2014,2014,4,April,Hydro,1392.821,22814.0,0.2496131663583586,52
Chile,April 2014,2014,4,April,Wind,78.477,1441.001,0.0140641851726136,52
Chile,April 2014,2014,4,April,Solar,32.418,479.999,0.0058097627957973,52
Chile,April 2014,2014,4,April,Coal,2065.07,25425.673,0.3700896679843682,52
Chile,April 2014,2014,4,April,Oil,324.53,3808.083,0.0581603528940747,52
Chile,April 2014,2014,4,April,Natural gas,1212.753,9984.118,0.2173424412330073,52
Chile,April 2014,2014,4,April,Combustible renewables,449.6,5208.127,0.0805746607745848,52
Chile,May 2014,2014,5,May,Hydro,1611.335,22814.0,0.2766683487672789,53
Chile,May 2014,2014,5,May,Wind,71.953,1441.001,0.0123544251808916,53
Chile,May 2014,2014,5,May,Solar,30.074,479.999,0.005163745540702,53
Chile,May 2014,2014,5,May,Coal,2293.498,25425.673,0.3937966372983003,53
Chile,May 2014,2014,5,May,Oil,230.922,3808.083,0.0396496125473831,53
Chile,May 2014,2014,5,May,Natural gas,1043.365,9984.118,0.1791471492343752,53
Chile,May 2014,2014,5,May,Combustible renewables,518.67,5208.127,0.0890563243863781,53
Chile,June 2014,2014,6,June,Hydro,1640.516,22814.0,0.2790418878526197,54
Chile,June 2014,2014,6,June,Wind,94.3,1441.001,0.0160398618632808,54
Chile,June 2014,2014,6,June,Solar,31.255,479.999,0.0053162871955126,54
Chile,June 2014,2014,6,June,Coal,2238.041,25425.673,0.380677290396171,54
Chile,June 2014,2014,6,June,Oil,494.946,3808.083,0.084187332659421,54
Chile,June 2014,2014,6,June,Natural gas,910.136,9984.118,0.1548086502311662,54
Chile,June 2014,2014,6,June,Combustible renewables,445.659,5208.127,0.0758039109027346,54
Chile,July 2014,2014,7,July,Hydro,1542.815,22814.0,0.2532783200922221,55
Chile,July 2014,2014,7,July,Wind,132.386,1441.001,0.0217333275108998,55
Chile,July 2014,2014,7,July,Solar,34.7,479.999,0.005696572633271,55
Chile,July 2014,2014,7,July,Coal,2224.196,25425.673,0.3651381574821609,55
Chile,July 2014,2014,7,July,Oil,741.385,3808.083,0.1217104755538234,55
Chile,July 2014,2014,7,July,Natural gas,899.172,9984.118,0.1476137927320926,55
Chile,July 2014,2014,7,July,Combustible renewables,492.477,5208.127,0.0808481556402143,55
Chile,August 2014,2014,8,August,Hydro,2431.505,22814.0,0.4205825389156967,56
Chile,August 2014,2014,8,August,Wind,127.068,1441.001,0.0219792194772125,56
Chile,August 2014,2014,8,August,Solar,41.646,479.999,0.0072035962976358,56
Chile,August 2014,2014,8,August,Coal,2096.64,25425.673,0.3626602348719028,56
Chile,August 2014,2014,8,August,Oil,116.601,3808.083,0.020168720450959,56
Chile,August 2014,2014,8,August,Natural gas,601.755,9984.118,0.1040868292293106,56
Chile,August 2014,2014,8,August,Combustible renewables,341.815,5208.127,0.0591244601756808,56
Chile,September 2014,2014,9,September,Hydro,2251.932,22814.0,0.4078582088470956,57
Chile,September 2014,2014,9,September,Wind,152.858,1441.001,0.0276848457626381,57
Chile,September 2014,2014,9,September,Solar,47.532,479.999,0.008608748569193,57
Chile,September 2014,2014,9,September,Coal,2057.929,25425.673,0.372721394728835,57
Chile,September 2014,2014,9,September,Oil,100.713,3808.083,0.0182406146311778,57
Chile,September 2014,2014,9,September,Natural gas,475.491,9984.118,0.0861184563223553,57
Chile,September 2014,2014,9,September,Combustible renewables,410.655,5208.127,0.0743756972919715,57
Chile,October 2014,2014,10,October,Hydro,2532.69,22814.0,0.4313788610408523,58
Chile,October 2014,2014,10,October,Wind,159.815,1441.001,0.0272203912351072,58
Chile,October 2014,2014,10,October,Solar,53.955,479.999,0.0091898520732735,58
Chile,October 2014,2014,10,October,Coal,2020.782,25425.673,0.3441884468971156,58
Chile,October 2014,2014,10,October,Oil,121.476,3808.083,0.0206903247234357,58
Chile,October 2014,2014,10,October,Natural gas,512.195,9984.118,0.0872392972415966,58
Chile,October 2014,2014,10,October,Combustible renewables,445.988,5208.127,0.0759626308304165,58
Chile,November 2014,2014,11,November,Hydro,2450.973,22814.0,0.4271402427877246,59
Chile,November 2014,2014,11,November,Wind,203.223,1441.001,0.0354164332124628,59
Chile,November 2014,2014,11,November,Solar,59.351,479.999,0.0103433210197314,59
Chile,November 2014,2014,11,November,Coal,1924.713,25425.673,0.3354269419192662,59
Chile,November 2014,2014,11,November,Oil,169.385,3808.083,0.0295193582404207,59
Chile,November 2014,2014,11,November,Natural gas,533.414,9984.118,0.0929600552378061,59
Chile,November 2014,2014,11,November,Combustible renewables,372.79,5208.127,0.064967509274413,59
Chile,December 2014,2014,12,December,Hydro,2336.573,22814.0,0.3930860403383008,60
Chile,December 2014,2014,12,December,Wind,195.393,1441.001,0.0328713293699026,60
Chile,December 2014,2014,12,December,Solar,89.531,479.999,0.0150619673673916,60
Chile,December 2014,2014,12,December,Coal,2160.562,25425.673,0.3634753810325635,60
Chile,December 2014,2014,12,December,Oil,171.664,3808.083,0.0288793553758577,60
Chile,December 2014,2014,12,December,Natural gas,601.794,9984.118,0.1012409287273915,60
Chile,December 2014,2014,12,December,Combustible renewables,364.409,5208.127,0.0613052067594891,60
Chile,January 2015,2015,1,January,Hydro,1935.863,23403.001,0.3112100787758032,61
Chile,January 2015,2015,1,January,Wind,119.982,2111.999,0.0192883523636116,61
Chile,January 2015,2015,1,January,Solar,92.918,1238.001,0.0149375333376845,61
Chile,January 2015,2015,1,January,Coal,2246.592,26341.543,0.3611629920594016,61
Chile,January 2015,2015,1,January,Oil,358.966,2968.856,0.0577075119147558,61
Chile,January 2015,2015,1,January,Natural gas,988.942,10683.557,0.1589826954307719,61
Chile,January 2015,2015,1,January,Combustible renewables,477.173,5282.042,0.0767105145972036,61
Chile,February 2015,2015,2,February,Hydro,1414.566,23403.001,0.2477068702397014,62
Chile,February 2015,2015,2,February,Wind,118.868,2111.999,0.02081516186,62
Chile,February 2015,2015,2,February,Solar,94.74,1238.001,0.0165900699483158,62
Chile,February 2015,2015,2,February,Coal,2142.592,26341.543,0.3751926446136995,62
Chile,February 2015,2015,2,February,Oil,421.134,2968.856,0.0737454350603128,62
Chile,February 2015,2015,2,February,Natural gas,1045.99,10683.557,0.1831649489681113,62
Chile,February 2015,2015,2,February,Combustible renewables,472.755,5282.042,0.082784869309859,62
Chile,March 2015,2015,3,March,Hydro,1460.427,23403.001,0.241696791320922,63
Chile,March 2015,2015,3,March,Wind,140.927,2111.999,0.0233230443633838,63
Chile,March 2015,2015,3,March,Solar,80.165,1238.001,0.0132670946759007,63
Chile,March 2015,2015,3,March,Coal,2196.893,26341.543,0.3635799591320856,63
Chile,March 2015,2015,3,March,Oil,318.011,2968.856,0.0526299762362362,63
Chile,March 2015,2015,3,March,Natural gas,1368.798,10683.557,0.2265324350799426,63
Chile,March 2015,2015,3,March,Combustible renewables,477.173,5282.042,0.0789708646888741,63
Chile,April 2015,2015,4,April,Hydro,1338.819,23403.001,0.2324033915693342,64
Chile,April 2015,2015,4,April,Wind,127.708,2111.999,0.02216862199486,64
Chile,April 2015,2015,4,April,Solar,85.631,1238.001,0.0148645446647184,64
Chile,April 2015,2015,4,April,Coal,2056.998,26341.543,0.3570709047685589,64
Chile,April 2015,2015,4,April,Oil,309.448,2968.856,0.053716570137074,64
Chile,April 2015,2015,4,April,Natural gas,1367.187,10683.557,0.2373277461027243,64
Chile,April 2015,2015,4,April,Combustible renewables,474.964,5282.042,0.0824482207627298,64
Chile,May 2015,2015,5,May,Hydro,1294.58,23403.001,0.2137386229809387,65
Chile,May 2015,2015,5,May,Wind,179.039,2111.999,0.0295598181030792,65
Chile,May 2015,2015,5,May,Solar,86.542,1238.001,0.0142883158321744,65
Chile,May 2015,2015,5,May,Coal,2185.848,26341.543,0.3608893552856053,65
Chile,May 2015,2015,5,May,Oil,510.411,2968.856,0.0842702222298536,65
Chile,May 2015,2015,5,May,Natural gas,1318.826,10683.557,0.2177417024760613,65
Chile,May 2015,2015,5,May,Combustible renewables,481.592,5282.042,0.0795121281949638,65
Chile,June 2015,2015,6,June,Hydro,1599.324,23403.001,0.2636880188708954,66
Chile,June 2015,2015,6,June,Wind,206.504,2111.999,0.0340472791310049,66
Chile,June 2015,2015,6,June,Solar,76.521,1238.001,0.012616374725834,66
Chile,June 2015,2015,6,June,Coal,2274.203,26341.543,0.3749584721921555,66
Chile,June 2015,2015,6,June,Oil,301.38,2968.856,0.0496899284493388,66
Chile,June 2015,2015,6,June,Natural gas,1130.109,10683.557,0.1863263499567121,66
Chile,June 2015,2015,6,June,Combustible renewables,477.173,5282.042,0.0786737415487304,66
Chile,July 2015,2015,7,July,Hydro,1748.396,23403.001,0.2814983785308533,67
Chile,July 2015,2015,7,July,Wind,173.137,2111.999,0.0278757128040194,67
Chile,July 2015,2015,7,July,Solar,82.898,1238.001,0.0133468919989811,67
Chile,July 2015,2015,7,July,Coal,2373.601,26341.543,0.3821587516667917,67
Chile,July 2015,2015,7,July,Oil,271.937,2968.856,0.0437828870362004,67
Chile,July 2015,2015,7,July,Natural gas,1070.637,10683.557,0.1723766123321817,67
Chile,July 2015,2015,7,July,Combustible renewables,490.428,5282.042,0.0789607656309722,67
Chile,August 2015,2015,8,August,Hydro,2288.666,23403.001,0.377228739300197,68
Chile,August 2015,2015,8,August,Wind,192.693,2111.999,0.0317605703330992,68
Chile,August 2015,2015,8,August,Solar,87.453,1238.001,0.0144144164932847,68
Chile,August 2015,2015,8,August,Coal,2263.158,26341.543,0.3730243902680231,68
Chile,August 2015,2015,8,August,Oil,161.34,2968.856,0.0265928207954737,68
Chile,August 2015,2015,8,August,Natural gas,662.842,10683.557,0.1092527489879349,68
Chile,August 2015,2015,8,August,Combustible renewables,410.899,5282.042,0.0677263138219869,68
Chile,September 2015,2015,9,September,Hydro,2238.116,23403.001,0.3900871410900645,69
Chile,September 2015,2015,9,September,Wind,181.989,2111.999,0.0317193428400671,69
Chile,September 2015,2015,9,September,Solar,119.336,1238.001,0.0207993862110471,69
Chile,September 2015,2015,9,September,Coal,2206.096,26341.543,0.3845062908313184,69
Chile,September 2015,2015,9,September,Oil,37.409,2968.856,0.0065201132832427,69
Chile,September 2015,2015,9,September,Natural gas,590.023,10683.557,0.1028366649661515,69
Chile,September 2015,2015,9,September,Combustible renewables,364.507,5282.042,0.0635308864854708,69
Chile,October 2015,2015,10,October,Hydro,2428.747,23403.001,0.4006098679383712,70
Chile,October 2015,2015,10,October,Wind,222.467,2111.999,0.0366948370870435,70
Chile,October 2015,2015,10,October,Solar,134.823,1238.001,0.0222383905054972,70
Chile,October 2015,2015,10,October,Coal,2224.503,26341.543,0.366920825042094,70
Chile,October 2015,2015,10,October,Oil,68.096,2968.856,0.0112321001599307,70
Chile,October 2015,2015,10,October,Natural gas,575.297,10683.557,0.0948924096232918,70
Chile,October 2015,2015,10,October,Combustible renewables,408.69,5282.042,0.0674114046986915,70
Chile,November 2015,2015,11,November,Hydro,2929.724,23403.001,0.4955142434019361,71
Chile,November 2015,2015,11,November,Wind,219.852,2111.999,0.037184320925931,71
Chile,November 2015,2015,11,November,Solar,145.754,1238.001,0.0246518726790666,71
Chile,November 2015,2015,11,November,Coal,1904.219,26341.543,0.3220670742556607,71
Chile,November 2015,2015,11,November,Oil,139.363,2968.856,0.023570940983937,71
Chile,November 2015,2015,11,November,Natural gas,228.955,10683.557,0.038723942459457,71
Chile,November 2015,2015,11,November,Combustible renewables,344.625,5282.042,0.0582876052940113,71
Chile,December 2015,2015,12,December,Hydro,2725.773,23403.001,0.4409180464700972,72
Chile,December 2015,2015,12,December,Wind,228.833,2111.999,0.0370157747280832,72
Chile,December 2015,2015,12,December,Solar,151.22,1238.001,0.0244611810987958,72
Chile,December 2015,2015,12,December,Coal,2266.84,26341.543,0.3666815484856132,72
Chile,December 2015,2015,12,December,Oil,71.361,2968.856,0.011543276976532,72
Chile,December 2015,2015,12,December,Natural gas,335.951,10683.557,0.0543430647488531,72
Chile,December 2015,2015,12,December,Combustible renewables,402.063,5282.042,0.0650372692509268,72
Chile,January 2016,2016,1,January,Hydro,2554.898,22807.999,0.3972565656848363,73
Chile,January 2016,2016,1,January,Wind,173.14,2445.999,0.0269212319954348,73
Chile,January 2016,2016,1,January,Solar,178.063,2589.998,0.0276867005475518,73
Chile,January 2016,2016,1,January,Coal,2174.95,28844.834,0.3381791239948657,73
Chile,January 2016,2016,1,January,Oil,189.226,2779.432,0.0294224156495792,73
Chile,January 2016,2016,1,January,Natural gas,746.925,11301.88,0.116138045559606,73
Chile,January 2016,2016,1,January,Combustible renewables,414.153,5683.856,0.064395916568126,73
Chile,February 2016,2016,2,February,Hydro,2033.899,22807.999,0.3289280553014709,74
Chile,February 2016,2016,2,February,Wind,173.358,2445.999,0.0280359594114321,74
Chile,February 2016,2016,2,February,Solar,168.95,2589.998,0.0273230848450112,74
Chile,February 2016,2016,2,February,Coal,2131.284,28844.834,0.3446774404309851,74
Chile,February 2016,2016,2,February,Oil,276.881,2779.432,0.0447779997334806,74
Chile,February 2016,2016,2,February,Natural gas,939.828,11301.88,0.1519917146121173,74
Chile,February 2016,2016,2,February,Combustible renewables,459.216,5683.856,0.0742657456655026,74
Chile,March 2016,2016,3,March,Hydro,1665.817,22807.999,0.2505572352288481,75
Chile,March 2016,2016,3,March,Wind,129.776,2445.999,0.019519740619203,75
Chile,March 2016,2016,3,March,Solar,179.936,2589.998,0.0270643574162936,75
Chile,March 2016,2016,3,March,Coal,2645.153,28844.834,0.3978601625732558,75
Chile,March 2016,2016,3,March,Oil,286.808,2779.432,0.0431390840179416,75
Chile,March 2016,2016,3,March,Natural gas,1221.184,11301.88,0.1836795318727721,75
Chile,March 2016,2016,3,March,Combustible renewables,519.775,5683.856,0.0781798882716856,75
Chile,April 2016,2016,4,April,Hydro,1745.431,22807.999,0.2851600471958126,76
Chile,April 2016,2016,4,April,Wind,178.041,2445.999,0.0290874746482614,76
Chile,April 2016,2016,4,April,Solar,151.53,2589.998,0.0247562361110702,76
Chile,April 2016,2016,4,April,Coal,2391.712,28844.834,0.3907463009415963,76
Chile,April 2016,2016,4,April,Oil,192.983,2779.432,0.0315286261032315,76
Chile,April 2016,2016,4,April,Natural gas,981.832,11301.88,0.1604069478875757,76
Chile,April 2016,2016,4,April,Combustible renewables,479.353,5683.856,0.0783143671124521,76
Chile,May 2016,2016,5,May,Hydro,1794.15,22807.999,0.2762607887063438,77
Chile,May 2016,2016,5,May,Wind,136.878,2445.999,0.0210762891823687,77
Chile,May 2016,2016,5,May,Solar,140.442,2589.998,0.0216250690786703,77
Chile,May 2016,2016,5,May,Coal,2585.905,28844.834,0.3981741520049482,77
Chile,May 2016,2016,5,May,Oil,360.19,2779.432,0.0554615687005757,77
Chile,May 2016,2016,5,May,Natural gas,980.348,11301.88,0.1509526581872678,77
Chile,May 2016,2016,5,May,Combustible renewables,496.494,5683.856,0.0764494741398252,77
Chile,June 2016,2016,6,June,Hydro,1607.805,22807.999,0.2451007443551391,78
Chile,June 2016,2016,6,June,Wind,194.592,2445.999,0.0296644456545136,78
Chile,June 2016,2016,6,June,Solar,143.832,2589.998,0.021926371831216,78
Chile,June 2016,2016,6,June,Coal,2381.348,28844.834,0.3630229831158766,78
Chile,June 2016,2016,6,June,Oil,628.294,2779.432,0.0957798533241704,78
Chile,June 2016,2016,6,June,Natural gas,1073.161,11301.88,0.1635973018574426,78
Chile,June 2016,2016,6,June,Combustible renewables,530.74,5683.856,0.0809082998616415,78
Chile,July 2016,2016,7,July,Hydro,1544.296,22807.999,0.2363077201808203,79
Chile,July 2016,2016,7,July,Wind,166.025,2445.999,0.0254050967191656,79
Chile,July 2016,2016,7,July,Solar,183.752,2589.998,0.0281176770506859,79
Chile,July 2016,2016,7,July,Coal,2496.844,28844.834,0.3820663352667883,79
Chile,July 2016,2016,7,July,Oil,452.823,2779.432,0.0692908424132676,79
Chile,July 2016,2016,7,July,Natural gas,1147.989,11301.88,0.1756649394822364,79
Chile,July 2016,2016,7,July,Combustible renewables,543.377,5683.856,0.0831473888870356,79
Chile,August 2016,2016,8,August,Hydro,1870.59,22807.999,0.293822623551927,80
Chile,August 2016,2016,8,August,Wind,271.26,2445.999,0.042608120894849,80
Chile,August 2016,2016,8,August,Solar,227.284,2589.998,0.0357005977640082,80
Chile,August 2016,2016,8,August,Coal,2644.405,28844.834,0.4153694902858637,80
Chile,August 2016,2016,8,August,Oil,33.633,2779.432,0.0052828980684821,80
Chile,August 2016,2016,8,August,Natural gas,831.522,11301.88,0.1306111844825138,80
Chile,August 2016,2016,8,August,Combustible renewables,487.698,5683.856,0.076605084952356,80
Chile,September 2016,2016,9,September,Hydro,1741.189,22807.999,0.2867708723805559,81
Chile,September 2016,2016,9,September,Wind,205.033,2445.999,0.0337685870269123,81
Chile,September 2016,2016,9,September,Solar,270.104,2589.998,0.0444856702595052,81
Chile,September 2016,2016,9,September,Coal,2447.252,28844.834,0.403058249836784,81
Chile,September 2016,2016,9,September,Oil,93.564,2779.432,0.015409831961616,81
Chile,September 2016,2016,9,September,Natural gas,831.516,11301.88,0.1369492735816676,81
Chile,September 2016,2016,9,September,Combustible renewables,483.05,5683.856,0.0795575149529588,81
Chile,October 2016,2016,10,October,Hydro,1857.037,22807.999,0.3001100704880998,82
Chile,October 2016,2016,10,October,Wind,286.905,2445.999,0.0463658396539155,82
Chile,October 2016,2016,10,October,Solar,292.942,2589.998,0.0473414607619153,82
Chile,October 2016,2016,10,October,Coal,2284.717,28844.834,0.3692261273821469,82
Chile,October 2016,2016,10,October,Oil,35.53,2779.432,0.0057418946442328,82
Chile,October 2016,2016,10,October,Natural gas,948.86,11301.88,0.1533423628518647,82
Chile,October 2016,2016,10,October,Combustible renewables,481.862,5683.856,0.0778722442178248,82
Chile,November 2016,2016,11,November,Hydro,2182.717,22807.999,0.3506331572336581,83
Chile,November 2016,2016,11,November,Wind,253.466,2445.999,0.0407169522349376,83
Chile,November 2016,2016,11,November,Solar,316.264,2589.998,0.050804866063418,83
Chile,November 2016,2016,11,November,Coal,2199.013,28844.834,0.3532509578602532,83
Chile,November 2016,2016,11,November,Oil,67.169,2779.432,0.0107900742690085,83
Chile,November 2016,2016,11,November,Natural gas,888.752,11301.88,0.1427697313750376,83
Chile,November 2016,2016,11,November,Combustible renewables,317.692,5683.856,0.0510342609636866,83
Chile,December 2016,2016,12,December,Hydro,2210.17,22807.999,0.3333798420263109,84
Chile,December 2016,2016,12,December,Wind,277.525,2445.999,0.041861594654869,84
Chile,December 2016,2016,12,December,Solar,336.899,2589.998,0.0508175096932915,84
Chile,December 2016,2016,12,December,Coal,2462.251,28844.834,0.3714034890570074,84
Chile,December 2016,2016,12,December,Oil,162.331,2779.432,0.0244858463991335,84
Chile,December 2016,2016,12,December,Natural gas,709.963,11301.88,0.1070901119753348,84
Chile,December 2016,2016,12,December,Combustible renewables,470.446,5683.856,0.0709616061940528,84
Chile,January 2017,2017,1,January,Hydro,1892.683,20888.827,0.2886994952480158,85
Chile,January 2017,2017,1,January,Wind,246.717,3515.882,0.0376328594746741,85
Chile,January 2017,2017,1,January,Solar,323.479,3842.698,0.0493417143934472,85
Chile,January 2017,2017,1,January,Coal,2308.995,28186.959,0.3522014468509477,85
Chile,January 2017,2017,1,January,Oil,66.093,1842.94,0.0100814641117541,85
Chile,January 2017,2017,1,January,Natural gas,1191.934,12851.296,0.1818110820295572,85
Chile,January 2017,2017,1,January,Combustible renewables,525.992,5835.797,0.0802319378916037,85
Chile,February 2017,2017,2,February,Hydro,1530.102,20888.827,0.2598066657871185,86
Chile,February 2017,2017,2,February,Wind,222.636,3515.882,0.0378029156514931,86
Chile,February 2017,2017,2,February,Solar,299.577,3842.698,0.0508672634350569,86
Chile,February 2017,2017,2,February,Coal,2170.126,28186.959,0.3684807943509232,86
Chile,February 2017,2017,2,February,Oil,57.158,1842.94,0.0097052545536572,86
Chile,February 2017,2017,2,February,Natural gas,1162.855,12851.296,0.1974492421707047,86
Chile,February 2017,2017,2,February,Combustible renewables,446.933,5835.797,0.0758878640510464,86
Chile,March 2017,2017,3,March,Hydro,1218.459,20888.827,0.1891935997774008,87
Chile,March 2017,2017,3,March,Wind,252.558,3515.882,0.0392154000853379,87
Chile,March 2017,2017,3,March,Solar,316.626,3842.698,0.0491634209465557,87
Chile,March 2017,2017,3,March,Geothermal,0.003,63.8,4.658185456648131e-07,87
Chile,March 2017,2017,3,March,Coal,2427.659,28186.959,0.3769495282500315,87
Chile,March 2017,2017,3,March,Oil,159.437,1842.94,0.0247562371550536,87
Chile,March 2017,2017,3,March,Natural gas,1528.246,12851.296,0.2372951097126893,87
Chile,March 2017,2017,3,March,Combustible renewables,537.288,5835.797,0.0834262382543853,87
Chile,April 2017,2017,4,April,Hydro,1064.571,20888.827,0.1759075447323954,88
Chile,April 2017,2017,4,April,Wind,269.098,3515.882,0.0444652056766511,88
Chile,April 2017,2017,4,April,Solar,281.586,3842.698,0.0465286973729477,88
Chile,April 2017,2017,4,April,Geothermal,2.3,63.8,0.0003800473175434,88
Chile,April 2017,2017,4,April,Coal,2408.525,28186.959,0.3979797676027177,88
Chile,April 2017,2017,4,April,Oil,54.323,1842.94,0.0089762219264829,88
Chile,April 2017,2017,4,April,Natural gas,1433.367,12851.296,0.2368466449588045,88
Chile,April 2017,2017,4,April,Combustible renewables,538.108,5835.797,0.088915870412457,88
Chile,May 2017,2017,5,May,Hydro,1215.189,20888.827,0.1852504432742367,89
Chile,May 2017,2017,5,May,Wind,279.359,3515.882,0.0425871025681169,89
Chile,May 2017,2017,5,May,Solar,210.932,3842.698,0.0321556947114574,89
Chile,May 2017,2017,5,May,Geothermal,7.405,63.8,0.0011288610516106,89
Chile,May 2017,2017,5,May,Coal,2705.276,28186.959,0.4124079284614607,89
Chile,May 2017,2017,5,May,Oil,50.042,1842.94,0.0076286920654559,89
Chile,May 2017,2017,5,May,Natural gas,1512.786,12851.296,0.2306178521028905,89
Chile,May 2017,2017,5,May,Combustible renewables,578.72,5835.797,0.0882234257647709,89
Chile,June 2017,2017,6,June,Hydro,1384.864,20888.827,0.2061750811233462,90
Chile,June 2017,2017,6,June,Wind,321.733,3515.882,0.0478988026080954,90
Chile,June 2017,2017,6,June,Solar,191.966,3842.698,0.0285794169123641,90
Chile,June 2017,2017,6,June,Geothermal,7.134,63.8,0.0010620920384485,90
Chile,June 2017,2017,6,June,Coal,2493.634,28186.959,0.3712459795632887,90
Chile,June 2017,2017,6,June,Oil,574.216,1842.94,0.085487838793068,90
Chile,June 2017,2017,6,June,Natural gas,1190.547,12851.296,0.177245653223823,90
Chile,June 2017,2017,6,June,Combustible renewables,552.838,5835.797,0.0823051357375659,90
Chile,July 2017,2017,7,July,Hydro,1691.385,20888.827,0.2551723243140165,91
Chile,July 2017,2017,7,July,Wind,318.038,3515.882,0.0479810898643308,91
Chile,July 2017,2017,7,July,Solar,251.882,3842.698,0.0380004052258138,91
Chile,July 2017,2017,7,July,Geothermal,8.213,63.8,0.0012390616563295,91
Chile,July 2017,2017,7,July,Coal,2614.637,28186.959,0.3944595704274468,91
Chile,July 2017,2017,7,July,Oil,78.842,1842.94,0.0118945694762373,91
Chile,July 2017,2017,7,July,Natural gas,1114.349,12851.296,0.1681172674624641,91
Chile,July 2017,2017,7,July,Combustible renewables,551.057,5835.797,0.0831357115733608,91
Chile,August 2017,2017,8,August,Hydro,1621.283,20888.827,0.2417985538764683,92
Chile,August 2017,2017,8,August,Wind,302.998,3515.882,0.0451891978312621,92
Chile,August 2017,2017,8,August,Solar,316.441,3842.698,0.0471940902280622,92
Chile,August 2017,2017,8,August,Geothermal,10.062,63.8,0.0015006492075134,92
Chile,August 2017,2017,8,August,Coal,2562.807,28186.959,0.3822176797415936,92
Chile,August 2017,2017,8,August,Oil,146.824,1842.94,0.0218973682412993,92
Chile,August 2017,2017,8,August,Natural gas,1217.197,12851.296,0.1815330663325129,92
Chile,August 2017,2017,8,August,Combustible renewables,527.486,5835.797,0.0786693945412878,92
Chile,September 2017,2017,9,September,Hydro,1481.77,20888.827,0.2409204655331891,93
Chile,September 2017,2017,9,September,Wind,323.53,3515.882,0.0526026294323361,93
Chile,September 2017,2017,9,September,Solar,344.393,3842.698,0.055994737298212,93
Chile,September 2017,2017,9,September,Geothermal,4.855,63.8,0.0007893727502673,93
Chile,September 2017,2017,9,September,Coal,2340.268,28186.959,0.3805033547935412,93
Chile,September 2017,2017,9,September,Oil,88.752,1842.94,0.0144301566079766,93
Chile,September 2017,2017,9,September,Natural gas,1167.824,12851.296,0.1898760953055002,93
Chile,September 2017,2017,9,September,Combustible renewables,399.061,5835.797,0.0648831882789771,93
Chile,October 2017,2017,10,October,Hydro,2356.724,20888.827,0.3679400360801445,94
Chile,October 2017,2017,10,October,Wind,398.707,3515.882,0.0622475385176228,94
Chile,October 2017,2017,10,October,Solar,414.058,3842.698,0.0646441906049552,94
Chile,October 2017,2017,10,October,Geothermal,10.833,63.8,0.0016912860440408,94
Chile,October 2017,2017,10,October,Coal,1980.321,28186.959,0.3091746764535294,94
Chile,October 2017,2017,10,October,Oil,218.265,1842.94,0.0340762991232883,94
Chile,October 2017,2017,10,October,Natural gas,580.056,12851.296,0.0905603819405684,94
Chile,October 2017,2017,10,October,Combustible renewables,446.221,5835.797,0.0696655912358503,94
Chile,November 2017,2017,11,November,Hydro,2862.578,20888.827,0.4575791342566935,95
Chile,November 2017,2017,11,November,Wind,308.381,3515.882,0.0492942763485268,95
Chile,November 2017,2017,11,November,Solar,425.035,3842.698,0.067941256912054,95
Chile,November 2017,2017,11,November,Geothermal,7.654,63.8,0.0012234813142561,95
Chile,November 2017,2017,11,November,Coal,1767.381,28186.959,0.2825134085016126,95
Chile,November 2017,2017,11,November,Oil,189.268,1842.94,0.0302542280358809,95
Chile,November 2017,2017,11,November,Natural gas,399.15,12851.296,0.0638035754618945,95
Chile,November 2017,2017,11,November,Combustible renewables,296.472,5835.797,0.0473906391690813,95
Chile,December 2017,2017,12,December,Hydro,2569.219,20888.827,0.3852442006121996,96
Chile,December 2017,2017,12,December,Wind,272.127,3515.882,0.0408043645092131,96
Chile,December 2017,2017,12,December,Solar,466.723,3842.698,0.0699832630236377,96
Chile,December 2017,2017,12,December,Geothermal,5.341,63.8,0.000800861769849,96
Chile,December 2017,2017,12,December,Coal,2407.33,28186.959,0.3609695870456222,96
Chile,December 2017,2017,12,December,Oil,159.72,1842.94,0.0239493806179156,96
Chile,December 2017,2017,12,December,Natural gas,352.985,12851.296,0.0529287009605243,96
Chile,December 2017,2017,12,December,Combustible renewables,435.621,5835.797,0.0653196414610381,96
Chile,January 2018,2018,1,January,Hydro,2021.666943,22899.124005,0.2876141743924519,97
Chile,January 2018,2018,1,January,Wind,284.424697,3582.857999,0.0404639224515817,97
Chile,January 2018,2018,1,January,Solar,467.980821,5121.810998,0.0665776912114335,97
Chile,January 2018,2018,1,January,Geothermal,19.652206,214.1,0.0027958378719359,97
Chile,January 2018,2018,1,January,Coal,2783.821214,28753.186807,0.396042702727619,97
Chile,January 2018,2018,1,January,Oil,65.941878,1238.763707,0.0093812775959594,97
Chile,January 2018,2018,1,January,Natural gas,816.823982,12595.97567,0.1162061614650861,97
Chile,January 2018,2018,1,January,Combustible renewables,568.781828,5476.651854,0.0809182325684639,97
Chile,February 2018,2018,2,February,Hydro,2341.274931,22899.124005,0.3901962556854363,98
Chile,February 2018,2018,2,February,Wind,133.464823,3582.857999,0.0222432118119832,98
Chile,February 2018,2018,2,February,Solar,418.326134,5121.810998,0.0697181219432636,98
Chile,February 2018,2018,2,February,Geothermal,17.753193,214.1,0.0029587424113844,98
Chile,February 2018,2018,2,February,Coal,1753.127566,28753.186807,0.292175772667564,98
Chile,February 2018,2018,2,February,Oil,54.915834,1238.763707,0.009152258250803,98
Chile,February 2018,2018,2,February,Natural gas,1014.279071,12595.97567,0.1690394795092533,98
Chile,February 2018,2018,2,February,Combustible renewables,267.108065,5476.651854,0.04451615888693,98
Chile,March 2018,2018,3,March,Hydro,2152.904039,22899.124005,0.3534749782776168,99
Chile,March 2018,2018,3,March,Wind,191.978131,3582.857999,0.0315199676602968,99
Chile,March 2018,2018,3,March,Solar,469.42592,5121.810998,0.0770727881359835,99
Chile,March 2018,2018,3,March,Geothermal,6.049602,214.1,0.000993255108821,99
Chile,March 2018,2018,3,March,Coal,1368.9021,28753.186807,0.2247534638313175,99
Chile,March 2018,2018,3,March,Oil,127.567868,1238.763707,0.0209447558058215,99
Chile,March 2018,2018,3,March,Natural gas,1510.69044,12595.97567,0.248033010663697,99
Chile,March 2018,2018,3,March,Combustible renewables,263.1649,5476.651854,0.0432077815015568,99
Chile,April 2018,2018,4,April,Hydro,1395.547118,22899.124005,0.2111570645930732,100
Chile,April 2018,2018,4,April,Wind,236.178267,3582.857999,0.0357355971268604,100
Chile,April 2018,2018,4,April,Solar,375.587173,5121.810998,0.0568292420417515,100
Chile,April 2018,2018,4,April,Geothermal,16.79158,214.1,0.0025406958295762,100
Chile,April 2018,2018,4,April,Coal,2731.223527,28753.186807,0.413255228197075,100
Chile,April 2018,2018,4,April,Oil,38.022151,1238.763707,0.0057530453046835,100
Chile,April 2018,2018,4,April,Natural gas,1230.100303,12595.97567,0.1861236828096333,100
Chile,April 2018,2018,4,April,Combustible renewables,585.59761,5476.651854,0.0886054442486544,100
Chile,May 2018,2018,5,May,Hydro,1341.360504,22899.124005,0.1897638384895118,101
Chile,May 2018,2018,5,May,Wind,253.981908,3582.857999,0.0359311174179093,101
Chile,May 2018,2018,5,May,Solar,332.167158,5121.810998,0.0469920761303645,101
Chile,May 2018,2018,5,May,Geothermal,19.808879,214.1,0.0028023852677969,101
Chile,May 2018,2018,5,May,Coal,2964.783805,28753.186807,0.4194314305890285,101
Chile,May 2018,2018,5,May,Oil,88.471771,1238.763707,0.0125162048627943,101
Chile,May 2018,2018,5,May,Natural gas,1438.298345,12595.97567,0.2034777481716519,101
Chile,May 2018,2018,5,May,Combustible renewables,629.705685,5476.651854,0.0890851993538848,101
Chile,June 2018,2018,6,June,Hydro,1450.023478,22899.124005,0.2051096664524413,102
Chile,June 2018,2018,6,June,Wind,351.679705,3582.857999,0.0497460269333949,102
Chile,June 2018,2018,6,June,Solar,294.275817,5121.810998,0.0416260947396119,102
Chile,June 2018,2018,6,June,Geothermal,16.46331,214.1,0.0023287788605055,102
Chile,June 2018,2018,6,June,Coal,2749.711377,28753.186807,0.3889539665625697,102
Chile,June 2018,2018,6,June,Oil,144.655648,1238.763707,0.0204619250390797,102
Chile,June 2018,2018,6,June,Natural gas,1535.535377,12595.97567,0.2172055513451442,102
Chile,June 2018,2018,6,June,Combustible renewables,527.158659,5476.651854,0.0745679903501577,102
Chile,July 2018,2018,7,July,Hydro,1902.539936,22899.124005,0.2671646447076559,103
Chile,July 2018,2018,7,July,Wind,358.169972,3582.857999,0.0502961075894761,103
Chile,July 2018,2018,7,July,Solar,310.250458,5121.810998,0.0435669978924203,103
Chile,July 2018,2018,7,July,Geothermal,12.060509,214.1,0.001693599982323,103
Chile,July 2018,2018,7,July,Coal,2916.515486,28753.186807,0.4095524140427644,103
Chile,July 2018,2018,7,July,Oil,107.99863,1238.763707,0.0151657345356579,103
Chile,July 2018,2018,7,July,Natural gas,990.532191,12595.97567,0.1390957298044391,103
Chile,July 2018,2018,7,July,Combustible renewables,523.159276,5476.651854,0.0734647717261134,103
Chile,August 2018,2018,8,August,Hydro,1407.206,22899.124005,0.1970854379018808,104
Chile,August 2018,2018,8,August,Wind,321.536365,3582.857999,0.0450325931650405,104
Chile,August 2018,2018,8,August,Solar,379.254898,5121.810998,0.0531163295557033,104
Chile,August 2018,2018,8,August,Geothermal,23.079702,214.1,0.0032324145685243,104
Chile,August 2018,2018,8,August,Coal,2869.474432,28753.186807,0.4018826134759024,104
Chile,August 2018,2018,8,August,Oil,251.219921,1238.763707,0.0351844634971432,104
Chile,August 2018,2018,8,August,Natural gas,1349.791812,12595.97567,0.189044326377512,104
Chile,August 2018,2018,8,August,Combustible renewables,538.517926,5476.651854,0.0754218225787288,104
Chile,September 2018,2018,9,September,Hydro,1454.683143,22899.124005,0.2258024861773271,105
Chile,September 2018,2018,9,September,Wind,360.889076,3582.857999,0.0560188319959368,105
Chile,September 2018,2018,9,September,Solar,452.457393,5121.810998,0.0702324796436525,105
Chile,September 2018,2018,9,September,Geothermal,20.670273,214.1,0.0032085331130863,105
Chile,September 2018,2018,9,September,Coal,2700.399682,28753.186807,0.4191682324788331,105
Chile,September 2018,2018,9,September,Oil,42.331778,1238.763707,0.0065709297331884,105
Chile,September 2018,2018,9,September,Natural gas,913.086476,12595.97567,0.1417334059089281,105
Chile,September 2018,2018,9,September,Combustible renewables,497.763518,5476.651854,0.0772651009490475,105
Chile,October 2018,2018,10,October,Hydro,2536.903384,22899.124005,0.3857728472677893,106
Chile,October 2018,2018,10,October,Wind,380.430026,3582.857999,0.0578498870874536,106
Chile,October 2018,2018,10,October,Solar,510.989324,5121.810998,0.0777033164471993,106
Chile,October 2018,2018,10,October,Geothermal,21.876675,214.1,0.0033266648058923,106
Chile,October 2018,2018,10,October,Coal,2021.060509,28753.186807,0.3073314782008338,106
Chile,October 2018,2018,10,October,Oil,102.120382,1238.763707,0.0155288809091731,106
Chile,October 2018,2018,10,October,Natural gas,581.121789,12595.97567,0.088367971979449,106
Chile,October 2018,2018,10,October,Combustible renewables,421.656401,5476.651854,0.0641189536063383,106
Chile,November 2018,2018,11,November,Hydro,2667.6558,22899.124005,0.4209582114886446,107
Chile,November 2018,2018,11,November,Wind,356.703784,3582.857999,0.0562881414250938,107
Chile,November 2018,2018,11,November,Solar,548.539217,5121.810998,0.0865599256544646,107
Chile,November 2018,2018,11,November,Geothermal,18.899925,214.1,0.0029824232291398,107
Chile,November 2018,2018,11,November,Coal,1730.916145,28753.186807,0.2731399473035537,107
Chile,November 2018,2018,11,November,Oil,123.793704,1238.763707,0.0195347451606742,107
Chile,November 2018,2018,11,November,Natural gas,594.218694,12595.97567,0.093768183533782,107
Chile,November 2018,2018,11,November,Combustible renewables,296.376341,5476.651854,0.0467684228358503,107
Chile,December 2018,2018,12,December,Hydro,2227.358729,22899.124005,0.348108306986728,108
Chile,December 2018,2018,12,December,Wind,353.421245,3582.857999,0.0552353195954775,108
Chile,December 2018,2018,12,December,Solar,562.556685,5121.810998,0.0879205727616838,108
Chile,December 2018,2018,12,December,Geothermal,20.994146,214.1,0.0032811224009584,108
Chile,December 2018,2018,12,December,Coal,2163.250964,28753.186807,0.3380890652506327,108
Chile,December 2018,2018,12,December,Oil,91.724142,1238.763707,0.014335336003898,108
Chile,December 2018,2018,12,December,Natural gas,621.49719,12595.97567,0.0971322363977899,108
Chile,December 2018,2018,12,December,Combustible renewables,357.661645,5476.651854,0.055898041071694,108
Chile,January 2019,2019,1,January,Hydro,2233.129531,22027.318,0.3211324968087802,109
Chile,January 2019,2019,1,January,Wind,327.336219,4889.955963,0.0470721898771109,109
Chile,January 2019,2019,1,January,Solar,583.651661,6300.53,0.0839313226401114,109
Chile,January 2019,2019,1,January,Geothermal,17.919048,202.0,0.0025768270692741,109
Chile,January 2019,2019,1,January,Coal,2196.56304,27086.323653,0.3158740967064327,109
Chile,January 2019,2019,1,January,Oil,16.017601,1126.70714,0.0023033917784936,109
Chile,January 2019,2019,1,January,Natural gas,1186.142953,15274.315591,0.1705718556766646,109
Chile,January 2019,2019,1,January,Combustible renewables,393.159444,5193.026612,0.0565378192993283,109
Chile,February 2019,2019,2,February,Hydro,1690.317509,22027.318,0.2647563035326584,110
Chile,February 2019,2019,2,February,Wind,252.329006,4889.955963,0.0395225716748047,110
Chile,February 2019,2019,2,February,Solar,504.673827,6300.53,0.0790476204705753,110
Chile,February 2019,2019,2,February,Geothermal,16.022458,202.0,0.0025096153420885,110
Chile,February 2019,2019,2,February,Coal,2062.633744,27086.323653,0.323072607776654,110
Chile,February 2019,2019,2,February,Oil,53.508582,1126.70714,0.0083811084616731,110
Chile,February 2019,2019,2,February,Natural gas,1392.779593,15274.315591,0.2181526102137776,110
Chile,February 2019,2019,2,February,Combustible renewables,412.163097,5193.026612,0.064557562371137,110
Chile,March 2019,2019,3,March,Hydro,1544.416264,22027.318,0.2182989882963742,111
Chile,March 2019,2019,3,March,Wind,331.943926,4889.955963,0.0469193603473516,111
Chile,March 2019,2019,3,March,Solar,551.362217,6300.53,0.0779335318861586,111
Chile,March 2019,2019,3,March,Geothermal,16.308786,202.0,0.0023052020152398,111
Chile,March 2019,2019,3,March,Coal,2439.547381,27086.323653,0.3448233080594969,111
Chile,March 2019,2019,3,March,Oil,55.088039,1126.70714,0.0077865426965817,111
Chile,March 2019,2019,3,March,Natural gas,1644.732425,15274.315591,0.2324784015585465,111
Chile,March 2019,2019,3,March,Combustible renewables,491.376141,5193.026612,0.0694546651402504,111
Chile,April 2019,2019,4,April,Hydro,1348.13367,22027.318,0.2041067804519675,112
Chile,April 2019,2019,4,April,Wind,279.481101,4889.955963,0.0423133024504025,112
Chile,April 2019,2019,4,April,Solar,438.364069,6300.53,0.0663681063535889,112
Chile,April 2019,2019,4,April,Geothermal,16.594202,202.0,0.0025123540934851,112
Chile,April 2019,2019,4,April,Coal,2156.969254,27086.323653,0.3265640935796983,112
Chile,April 2019,2019,4,April,Oil,131.595015,1126.70714,0.0199234211212738,112
Chile,April 2019,2019,4,April,Natural gas,1696.096971,15274.315591,0.2567882545987773,112
Chile,April 2019,2019,4,April,Combustible renewables,537.8068,5193.026612,0.0814236873508063,112
Chile,May 2019,2019,5,May,Hydro,1508.122667,22027.318,0.2161060296603631,113
Chile,May 2019,2019,5,May,Wind,346.33898,4889.955963,0.0496285504635412,113
Chile,May 2019,2019,5,May,Solar,370.745746,6300.53,0.0531259113961248,113
Chile,May 2019,2019,5,May,Geothermal,22.132727,202.0,0.0031715031291461,113
Chile,May 2019,2019,5,May,Coal,2518.904345,27086.323653,0.3609457168195905,113
Chile,May 2019,2019,5,May,Oil,175.816369,1126.70714,0.0251935590421646,113
Chile,May 2019,2019,5,May,Natural gas,1496.759432,15274.315591,0.2144777379744935,113
Chile,May 2019,2019,5,May,Combustible renewables,539.803465,5193.026612,0.077350991514576,113
Chile,June 2019,2019,6,June,Hydro,1746.61919,22027.318,0.2502579296866362,114
Chile,June 2019,2019,6,June,Wind,447.104698,4889.955963,0.0640617581183501,114
Chile,June 2019,2019,6,June,Solar,345.934635,6300.53,0.0495659764061118,114
Chile,June 2019,2019,6,June,Geothermal,17.816265,202.0,0.0025527382380634,114
Chile,June 2019,2019,6,June,Coal,2626.778054,27086.323653,0.3763682669376437,114
Chile,June 2019,2019,6,June,Oil,17.774944,1126.70714,0.0025468177100103,114
Chile,June 2019,2019,6,June,Natural gas,1305.304404,15274.315591,0.1870257578905271,114
Chile,June 2019,2019,6,June,Combustible renewables,471.943918,5193.026612,0.0676207547260943,114
Chile,July 2019,2019,7,July,Hydro,1719.717008,22027.318,0.2378664591108854,115
Chile,July 2019,2019,7,July,Wind,474.904949,4889.955963,0.0656875277195988,115
Chile,July 2019,2019,7,July,Solar,396.24928,6300.53,0.0548080950065464,115
Chile,July 2019,2019,7,July,Geothermal,17.036978,202.0,0.0023565072694856,115
Chile,July 2019,2019,7,July,Coal,2501.736943,27086.323653,0.3460332749458397,115
Chile,July 2019,2019,7,July,Oil,40.83275,1126.70714,0.0056478720702749,115
Chile,July 2019,2019,7,July,Natural gas,1642.752699,15274.315591,0.2272209705947038,115
Chile,July 2019,2019,7,July,Combustible renewables,436.527698,5193.026612,0.0603792934209823,115
Chile,August 2019,2019,8,August,Hydro,2099.453846,22027.318,0.2985117633970804,116
Chile,August 2019,2019,8,August,Wind,517.970436,4889.955963,0.0736478530035351,116
Chile,August 2019,2019,8,August,Solar,499.152498,6300.53,0.070972216258017,116
Chile,August 2019,2019,8,August,Geothermal,15.235875,202.0,0.0021663195510645,116
Chile,August 2019,2019,8,August,Coal,2194.561253,27086.323653,0.3120346516614666,116
Chile,August 2019,2019,8,August,Oil,138.219254,1126.70714,0.0196527650872535,116
Chile,August 2019,2019,8,August,Natural gas,1142.537849,15274.315591,0.1624522438074579,116
Chile,August 2019,2019,8,August,Combustible renewables,425.938045,5193.026612,0.0605621872341246,116
Chile,September 2019,2019,9,September,Hydro,1906.495802,22027.318,0.2926901304601141,117
Chile,September 2019,2019,9,September,Wind,380.677106,4889.955963,0.0584425267034071,117
Chile,September 2019,2019,9,September,Solar,559.385236,6300.53,0.0858782576549842,117
Chile,September 2019,2019,9,September,Geothermal,14.490321,202.0,0.0022245912838883,117
Chile,September 2019,2019,9,September,Coal,2144.997997,27086.323653,0.3293055997920385,117
Chile,September 2019,2019,9,September,Oil,127.986616,1126.70714,0.0196488338945676,117
Chile,September 2019,2019,9,September,Natural gas,988.390204,15274.315591,0.1517402018146478,117
Chile,September 2019,2019,9,September,Combustible renewables,391.277057,5193.026612,0.060069858396352,117
Chile,October 2019,2019,10,October,Hydro,2128.232279,22027.318,0.3193019507543374,118
Chile,October 2019,2019,10,October,Wind,534.921977,4889.955963,0.0802551640828048,118
Chile,October 2019,2019,10,October,Solar,649.446495,6300.53,0.0974374530497697,118
Chile,October 2019,2019,10,October,Geothermal,14.885617,202.0,0.0022333119336556,118
Chile,October 2019,2019,10,October,Coal,1897.994007,27086.323653,0.2847589499205888,118
Chile,October 2019,2019,10,October,Oil,136.325023,1126.70714,0.020453052145691,118
Chile,October 2019,2019,10,October,Natural gas,926.851168,15274.315591,0.1390569013173661,118
Chile,October 2019,2019,10,October,Combustible renewables,376.608941,5193.026612,0.0565032166457546,118
Chile,November 2019,2019,11,November,Hydro,2149.295959,22027.318,0.3211320774751812,119
Chile,November 2019,2019,11,November,Wind,493.221565,4889.955963,0.0736935577256208,119
Chile,November 2019,2019,11,November,Solar,689.028561,6300.53,0.1029496065011978,119
Chile,November 2019,2019,11,November,Geothermal,17.002782,202.0,0.0025404312903738,119
Chile,November 2019,2019,11,November,Coal,2006.981896,27086.323653,0.2998685513824847,119
Chile,November 2019,2019,11,November,Oil,124.556739,1126.70714,0.0186103566570768,119
Chile,November 2019,2019,11,November,Natural gas,884.665229,15274.315591,0.1321802061131716,119
Chile,November 2019,2019,11,November,Combustible renewables,328.119485,5193.026612,0.049025212854893,119
Chile,December 2019,2019,12,December,Hydro,1953.384275,22027.318,0.27947618193939,120
Chile,December 2019,2019,12,December,Wind,503.726,4889.955963,0.0720694955034391,120
Chile,December 2019,2019,12,December,Solar,712.535775,6300.53,0.1019444972711394,120
Chile,December 2019,2019,12,December,Geothermal,16.554941,202.0,0.0023685619681318,120
Chile,December 2019,2019,12,December,Coal,2338.655739,27086.323653,0.3345980538347288,120
Chile,December 2019,2019,12,December,Oil,108.986208,1126.70714,0.0155929632923313,120
Chile,December 2019,2019,12,December,Natural gas,967.302664,15274.315591,0.138394712589012,120
Chile,December 2019,2019,12,December,Combustible renewables,388.302521,5193.026612,0.0555555337449001,120
Chile,January 2020,2020,1,January,Hydro,2132.377554,21934.483377,0.292228129346009,121
Chile,January 2020,2020,1,January,Wind,406.781534,5545.814671,0.0557466976288196,121
Chile,January 2020,2020,1,January,Solar,677.480177,7529.960558,0.092844142174699,121
Chile,January 2020,2020,1,January,Geothermal,18.389438,243.771929,0.0025201498938983,121
Chile,January 2020,2020,1,January,Coal,2114.738782,25159.669865,0.2898108532234707,121
Chile,January 2020,2020,1,January,Oil,88.09961,1472.757296,0.0120734642784618,121
Chile,January 2020,2020,1,January,Natural gas,1420.862548,14741.021768,0.1947197407330446,121
Chile,January 2020,2020,1,January,Combustible renewables,438.232352,5293.2529,0.0600568225845533,121
Chile,February 2020,2020,2,February,Hydro,1702.522248,21934.483377,0.2485093769981211,122
Chile,February 2020,2020,2,February,Wind,391.426335,5545.814671,0.0571347098493292,122
Chile,February 2020,2020,2,February,Solar,632.707591,7529.960558,0.0923534300042768,122
Chile,February 2020,2020,2,February,Geothermal,19.495341,243.771929,0.0028456456601182,122
Chile,February 2020,2020,2,February,Coal,2108.059395,25159.669865,0.3077037774642262,122
Chile,February 2020,2020,2,February,Oil,124.562212,1472.757296,0.0181817757377276,122
Chile,February 2020,2020,2,February,Natural gas,1393.130544,14741.021768,0.2033488866140758,122
Chile,February 2020,2020,2,February,Combustible renewables,479.033986,5293.2529,0.0699223975261594,122
Chile,March 2020,2020,3,March,Hydro,1362.829536,21934.483377,0.1939891323713255,123
Chile,March 2020,2020,3,March,Wind,344.721882,5545.814671,0.0490687184509262,123
Chile,March 2020,2020,3,March,Solar,610.562772,7529.960558,0.0869092863559066,123
Chile,March 2020,2020,3,March,Geothermal,23.786083,243.771929,0.0033857804529431,123
Chile,March 2020,2020,3,March,Coal,2348.999892,25159.669865,0.3343634981135434,123
Chile,March 2020,2020,3,March,Oil,188.719794,1472.757296,0.0268629260903803,123
Chile,March 2020,2020,3,March,Natural gas,1623.916248,14741.021768,0.2311529767089068,123
Chile,March 2020,2020,3,March,Combustible renewables,521.751855,5293.2529,0.0742676813137249,123
Chile,April 2020,2020,4,April,Hydro,1003.662366,21934.483377,0.1498686066083082,124
Chile,April 2020,2020,4,April,Wind,347.5445,5545.814671,0.0518959479939105,124
Chile,April 2020,2020,4,April,Solar,536.067615,7529.960558,0.0800465467566301,124
Chile,April 2020,2020,4,April,Geothermal,24.535501,243.771929,0.003663683597066,124
Chile,April 2020,2020,4,April,Coal,2373.282342,25159.669865,0.3543826387564703,124
Chile,April 2020,2020,4,April,Oil,103.779489,1472.757296,0.0154965334337864,124
Chile,April 2020,2020,4,April,Natural gas,1795.708348,14741.021768,0.2681382874424395,124
Chile,April 2020,2020,4,April,Combustible renewables,512.368509,5293.2529,0.0765077551127451,124
Chile,May 2020,2020,5,May,Hydro,1195.479017,21934.483377,0.1799581454744865,125
Chile,May 2020,2020,5,May,Wind,336.351276,5545.814671,0.0506317141465454,125
Chile,May 2020,2020,5,May,Solar,452.778857,7529.960558,0.0681578198003434,125
Chile,May 2020,2020,5,May,Geothermal,25.212817,243.771929,0.0037953420553491,125
Chile,May 2020,2020,5,May,Coal,2402.639778,25159.669865,0.3616747701495726,125
Chile,May 2020,2020,5,May,Oil,192.883037,1472.757296,0.0290351174202221,125
Chile,May 2020,2020,5,May,Natural gas,1560.934848,14741.021768,0.2349710337513849,125
Chile,May 2020,2020,5,May,Combustible renewables,476.815152,5293.2529,0.071776057352628,125
Chile,June 2020,2020,6,June,Hydro,1306.066316,21934.483377,0.1913281440681189,126
Chile,June 2020,2020,6,June,Wind,470.674623,5545.814671,0.0689500226560866,126
Chile,June 2020,2020,6,June,Solar,377.010094,7529.960558,0.0552289272729142,126
Chile,June 2020,2020,6,June,Geothermal,21.497798,243.771929,0.0031492534050555,126
Chile,June 2020,2020,6,June,Coal,2379.150677,25159.669865,0.3485263174713242,126
Chile,June 2020,2020,6,June,Oil,223.23551,1472.757296,0.0327021953595808,126
Chile,June 2020,2020,6,June,Natural gas,1597.762277,14741.021768,0.2340592413842344,126
Chile,June 2020,2020,6,June,Combustible renewables,450.918415,5293.2529,0.0660558980897014,126
Chile,July 2020,2020,7,July,Hydro,1969.023141,21934.483377,0.29360021512242,127
Chile,July 2020,2020,7,July,Wind,427.583118,5545.814671,0.0637567394783173,127
Chile,July 2020,2020,7,July,Solar,457.567207,7529.960558,0.0682276544195094,127
Chile,July 2020,2020,7,July,Geothermal,11.783302,243.771929,0.0017570032215545,127
Chile,July 2020,2020,7,July,Coal,1941.498745,25159.669865,0.2894960639733328,127
Chile,July 2020,2020,7,July,Oil,141.378336,1472.757296,0.0210808644138986,127
Chile,July 2020,2020,7,July,Natural gas,1343.486654,14741.021768,0.2003267317763333,127
Chile,July 2020,2020,7,July,Combustible renewables,414.156672,5293.2529,0.0617547277437434,127
Chile,August 2020,2020,8,August,Hydro,1809.690955,21934.483377,0.2713766237011702,128
Chile,August 2020,2020,8,August,Wind,600.538698,5545.814671,0.0900552460710821,128
Chile,August 2020,2020,8,August,Solar,559.693266,7529.960558,0.083930169632395,128
Chile,August 2020,2020,8,August,Geothermal,15.983476,243.771929,0.0023968411511946,128
Chile,August 2020,2020,8,August,Coal,1806.035558,25159.669865,0.2708284697230522,128
Chile,August 2020,2020,8,August,Oil,102.253036,1472.757296,0.0153336035615397,128
Chile,August 2020,2020,8,August,Natural gas,1415.494745,14741.021768,0.212263968996214,128
Chile,August 2020,2020,8,August,Combustible renewables,358.869004,5293.2529,0.0538150773133094,128
Chile,September 2020,2020,9,September,Hydro,1865.728161,21934.483377,0.2819958898053055,129
Chile,September 2020,2020,9,September,Wind,491.259585,5545.814671,0.0742515371173947,129
Chile,September 2020,2020,9,September,Solar,665.671936,7529.960558,0.1006131299482167,129
Chile,September 2020,2020,9,September,Geothermal,18.264353,243.771929,0.0027605696175977,129
Chile,September 2020,2020,9,September,Coal,2022.428298,25159.669865,0.3056803661881049,129
Chile,September 2020,2020,9,September,Oil,80.754286,1472.757296,0.0122056241697914,129
Chile,September 2020,2020,9,September,Natural gas,1072.516482,14741.021768,0.1621057375852333,129
Chile,September 2020,2020,9,September,Combustible renewables,399.530637,5293.2529,0.0603871452660651,129
Chile,October 2020,2020,10,October,Hydro,2405.436419,21934.483377,0.3599386437652451,130
Chile,October 2020,2020,10,October,Wind,650.062292,5545.814671,0.0972723859575881,130
Chile,October 2020,2020,10,October,Solar,790.425693,7529.960558,0.1182757314591169,130
Chile,October 2020,2020,10,October,Geothermal,18.17555,243.771929,0.002719707228598,130
Chile,October 2020,2020,10,October,Coal,1798.006869,25159.669865,0.269045628808389,130
Chile,October 2020,2020,10,October,Oil,68.078105,1472.757296,0.0101869002191273,130
Chile,October 2020,2020,10,October,Natural gas,557.642804,14741.021768,0.0834431511021403,130
Chile,October 2020,2020,10,October,Combustible renewables,395.079093,5293.2529,0.0591178514597949,130
Chile,November 2020,2020,11,November,Hydro,2727.420969,21934.483377,0.4001189372196965,131
Chile,November 2020,2020,11,November,Wind,544.700865,5545.814671,0.0799088713050256,131
Chile,November 2020,2020,11,November,Solar,854.516947,7529.960558,0.1253596040200641,131
Chile,November 2020,2020,11,November,Geothermal,20.63479,243.771929,0.0030271712135361,131
Chile,November 2020,2020,11,November,Coal,1868.908152,25159.669865,0.274173129868412,131
Chile,November 2020,2020,11,November,Oil,65.145209,1472.757296,0.009556952185343,131
Chile,November 2020,2020,11,November,Natural gas,320.16292,14741.021768,0.0469686376777118,131
Chile,November 2020,2020,11,November,Combustible renewables,415.035725,5293.2529,0.0608866966569128,131
Chile,December 2020,2020,12,December,Hydro,2454.246695,21934.483377,0.346128585657221,132
Chile,December 2020,2020,12,December,Wind,534.169963,5545.814671,0.0753353337178519,132
Chile,December 2020,2020,12,December,Solar,915.478403,7529.960558,0.1291122222862447,132
Chile,December 2020,2020,12,December,Geothermal,26.01348,243.771929,0.0036687465277089,132
Chile,December 2020,2020,12,December,Coal,1995.921377,25159.669865,0.2814898130295834,132
Chile,December 2020,2020,12,December,Oil,93.868672,1472.757296,0.0132385349618986,132
Chile,December 2020,2020,12,December,Natural gas,639.40335,14741.021768,0.0901766630269371,132
Chile,December 2020,2020,12,December,Combustible renewables,431.4615,5293.2529,0.0608501007925542,132
Chile,January 2021,2021,1,January,Hydro,1922.839008,17439.641798,0.2758209257223208,133
Chile,January 2021,2021,1,January,Wind,535.155867,7365.901696,0.076765234129092,133
Chile,January 2021,2021,1,January,Solar,935.036246,10985.03138,0.1341259262385651,133
Chile,January 2021,2021,1,January,Geothermal,17.441842,288.276666,0.0025019385329333,133
Chile,January 2021,2021,1,January,Coal,2199.767749,25438.370275,0.3155448658878496,133
Chile,January 2021,2021,1,January,Oil,167.48347,2967.85961,0.0240246040081305,133
Chile,January 2021,2021,1,January,Natural gas,781.971073,15635.305441,0.1121695494763628,133
Chile,January 2021,2021,1,January,Combustible renewables,411.635883,5450.773531,0.0590469560047457,133
Chile,February 2021,2021,2,February,Hydro,1367.795044,17439.641798,0.2100575822379957,134
Chile,February 2021,2021,2,February,Wind,442.321333,7365.901696,0.0679290001742888,134
Chile,February 2021,2021,2,February,Solar,843.601602,10985.03138,0.1295551652022362,134
Chile,February 2021,2021,2,February,Geothermal,18.975866,288.276666,0.0029141972332166,134
Chile,February 2021,2021,2,February,Coal,2027.328118,25438.370275,0.3113446307166077,134
Chile,February 2021,2021,2,February,Oil,310.754636,2967.85961,0.0477237929715794,134
Chile,February 2021,2021,2,February,Natural gas,1105.69073,15635.305441,0.169805207633699,134
Chile,February 2021,2021,2,February,Combustible renewables,395.056935,5450.773531,0.0606704235232285,134
Chile,March 2021,2021,3,March,Hydro,1255.012974,17439.641798,0.1755638834783589,135
Chile,March 2021,2021,3,March,Wind,478.491765,7365.901696,0.0669362582030281,135
Chile,March 2021,2021,3,March,Solar,848.022279,10985.03138,0.1186299167114493,135
Chile,March 2021,2021,3,March,Geothermal,24.99763,288.276666,0.0034969208219158,135
Chile,March 2021,2021,3,March,Coal,2330.282951,25438.370275,0.3259835021282978,135
Chile,March 2021,2021,3,March,Oil,328.514965,2967.85961,0.0459559894845813,135
Chile,March 2021,2021,3,March,Natural gas,1385.865636,15635.305441,0.1938688747255658,135
Chile,March 2021,2021,3,March,Combustible renewables,497.280774,5450.773531,0.0695646544468026,135
Chile,April 2021,2021,4,April,Hydro,969.094153,17439.641798,0.1391076258735668,136
Chile,April 2021,2021,4,April,Wind,467.832597,7365.901696,0.0671545501264985,136
Chile,April 2021,2021,4,April,Solar,759.851594,10985.03138,0.1090721174308699,136
Chile,April 2021,2021,4,April,Geothermal,24.137508,288.276666,0.0034647938200739,136
Chile,April 2021,2021,4,April,Coal,2260.515013,25438.370275,0.3244833081868622,136
Chile,April 2021,2021,4,April,Oil,244.963441,2967.85961,0.0351630257987219,136
Chile,April 2021,2021,4,April,Natural gas,1726.003748,15635.305441,0.2477574370765584,136
Chile,April 2021,2021,4,April,Combustible renewables,514.108253,5450.773531,0.0737971416868481,136
Chile,May 2021,2021,5,May,Hydro,1213.23624,17439.641798,0.1702457175532206,137
Chile,May 2021,2021,5,May,Wind,489.246258,7365.901696,0.0686528126240592,137
Chile,May 2021,2021,5,May,Solar,632.763821,10985.03138,0.0887917185426827,137
Chile,May 2021,2021,5,May,Geothermal,24.499081,288.276666,0.0034378000645937,137
Chile,May 2021,2021,5,May,Coal,2453.127475,25438.370275,0.3442317608571397,137
Chile,May 2021,2021,5,May,Oil,165.804938,2967.85961,0.0232663513609495,137
Chile,May 2021,2021,5,May,Natural gas,1613.777325,15635.305441,0.226451097987101,137
Chile,May 2021,2021,5,May,Combustible renewables,533.928169,5450.773531,0.0749227407296062,137
Chile,June 2021,2021,6,June,Hydro,1762.360571,17439.641798,0.2455419308499745,138
Chile,June 2021,2021,6,June,Wind,545.440466,7365.901696,0.0759938161288731,138
Chile,June 2021,2021,6,June,Solar,601.145224,10985.03138,0.0837549145453507,138
Chile,June 2021,2021,6,June,Geothermal,25.621224,288.276666,0.0035696922157819,138
Chile,June 2021,2021,6,June,Coal,2446.880191,25438.370275,0.3409130325219325,138
Chile,June 2021,2021,6,June,Oil,149.689195,2967.85961,0.0208555357924416,138
Chile,June 2021,2021,6,June,Natural gas,1215.423582,15635.305441,0.1693396107673543,138
Chile,June 2021,2021,6,June,Combustible renewables,430.871788,5450.773531,0.0600314671782911,138
Chile,July 2021,2021,7,July,Hydro,1201.296871,17439.641798,0.1613834431408996,139
Chile,July 2021,2021,7,July,Wind,593.691328,7365.901696,0.0797570966748428,139
Chile,July 2021,2021,7,July,Solar,682.44914,10985.03138,0.0916809113887601,139
Chile,July 2021,2021,7,July,Geothermal,29.2714,288.276666,0.0039323496394543,139
Chile,July 2021,2021,7,July,Coal,2594.49639,25438.370275,0.3485472831426648,139
Chile,July 2021,2021,7,July,Oil,449.037964,2967.85961,0.0603242166700851,139
Chile,July 2021,2021,7,July,Natural gas,1421.219224,15635.305441,0.1909280356621835,139
Chile,July 2021,2021,7,July,Combustible renewables,472.280657,5450.773531,0.0634466636811095,139
Chile,August 2021,2021,8,August,Hydro,1231.586286,17439.641798,0.1667043636678765,140
Chile,August 2021,2021,8,August,Wind,677.641626,7365.901696,0.091723834002805,140
Chile,August 2021,2021,8,August,Solar,835.741487,10985.03138,0.1131238260484981,140
Chile,August 2021,2021,8,August,Geothermal,28.620657,288.276666,0.0038740187895706,140
Chile,August 2021,2021,8,August,Coal,2039.552772,25438.370275,0.2760686367559257,140
Chile,August 2021,2021,8,August,Oil,442.568245,2967.85961,0.0599049035386334,140
Chile,August 2021,2021,8,August,Natural gas,1666.812021,15635.305441,0.2256154038684807,140
Chile,August 2021,2021,8,August,Combustible renewables,465.323624,5450.773531,0.0629850133282096,140
Chile,September 2021,2021,9,September,Hydro,1441.379202,17439.641798,0.2081982634290492,141
Chile,September 2021,2021,9,September,Wind,787.782329,7365.901696,0.1137902591006665,141
Chile,September 2021,2021,9,September,Solar,990.566694,10985.03138,0.1430811997393135,141
Chile,September 2021,2021,9,September,Geothermal,25.710815,288.276666,0.0037137673603989,141
Chile,September 2021,2021,9,September,Coal,1876.355966,25438.370275,0.2710279523624874,141
Chile,September 2021,2021,9,September,Oil,172.229179,2967.85961,0.0248774340089381,141
Chile,September 2021,2021,9,September,Natural gas,1223.685418,15635.305441,0.1767537499205918,141
Chile,September 2021,2021,9,September,Combustible renewables,405.399067,5450.773531,0.0585573745118855,141
Chile,October 2021,2021,10,October,Hydro,1598.38126,17439.641798,0.2225912060703991,142
Chile,October 2021,2021,10,October,Wind,816.026411,7365.901696,0.1136401605520508,142
Chile,October 2021,2021,10,October,Solar,1199.167068,10985.03138,0.1669964798924283,142
Chile,October 2021,2021,10,October,Geothermal,23.686922,288.276666,0.0032986501206073,142
Chile,October 2021,2021,10,October,Coal,1695.039089,25438.370275,0.2360518135435226,142
Chile,October 2021,2021,10,October,Oil,196.670997,2967.85961,0.0273884807816739,142
Chile,October 2021,2021,10,October,Natural gas,1229.649585,15635.305441,0.1712414872588757,142
Chile,October 2021,2021,10,October,Combustible renewables,422.171154,5450.773531,0.0587917217804419,142
Chile,November 2021,2021,11,November,Hydro,1703.891723,17439.641798,0.2391096246907767,143
Chile,November 2021,2021,11,November,Wind,779.508225,7365.901696,0.1093895325666322,143
Chile,November 2021,2021,11,November,Solar,1309.063526,10985.03138,0.1837028046871056,143
Chile,November 2021,2021,11,November,Geothermal,22.597105,288.276666,0.0031710848892057,143
Chile,November 2021,2021,11,November,Coal,1652.001192,25438.370275,0.2318277503645317,143
Chile,November 2021,2021,11,November,Oil,164.015528,2967.85961,0.0230165396158448,143
Chile,November 2021,2021,11,November,Natural gas,1069.877458,15635.305441,0.1501374729358329,143
Chile,November 2021,2021,11,November,Combustible renewables,425.030764,5450.773531,0.0596451905307331,143
Chile,December 2021,2021,12,December,Hydro,1772.768466,17439.641798,0.2330125734827514,144
Chile,December 2021,2021,12,December,Wind,752.763491,7365.901696,0.0989431849820426,144
Chile,December 2021,2021,12,December,Solar,1347.622699,10985.03138,0.1771314411330246,144
Chile,December 2021,2021,12,December,Geothermal,22.716616,288.276666,0.0029858705502151,144
Chile,December 2021,2021,12,December,Coal,1863.023369,25438.370275,0.2448756721449915,144
Chile,December 2021,2021,12,December,Oil,176.127052,2967.85961,0.0231501284197878,144
Chile,December 2021,2021,12,December,Natural gas,1195.329641,15635.305441,0.1571140513561139,144
Chile,December 2021,2021,12,December,Combustible renewables,477.686463,5450.773531,0.0627870780625128,144
Chile,January 2022,2022,1,January,Hydro,1762.358581,23028.668392,0.245598185028007,145
Chile,January 2022,2022,1,January,Wind,893.613676,9362.415979,0.1245319195014635,145
Chile,January 2022,2022,1,January,Solar,1340.120481,13928.285811,0.1867560673524815,145
Chile,January 2022,2022,1,January,Geothermal,52.36801,462.879366,0.0072978838405465,145
Chile,January 2022,2022,1,January,Coal,1640.344628,18970.901035,0.2285946048667614,145
Chile,January 2022,2022,1,January,Oil,203.598797,1478.781372,0.028373053904111,145
Chile,January 2022,2022,1,January,Natural gas,1273.824801,16760.315074,0.1775172558763523,145
Chile,January 2022,2022,1,January,Combustible renewables,9.551174,104.723818,0.0013310293515611,145
Chile,February 2022,2022,2,February,Hydro,1434.605494,23028.668392,0.2168173673488376,146
Chile,February 2022,2022,2,February,Wind,721.365478,9362.415979,0.1090226996135397,146
Chile,February 2022,2022,2,February,Solar,1250.86919,13928.285811,0.1890486031232032,146
Chile,February 2022,2022,2,February,Geothermal,38.427515,462.879366,0.0058076960327449,146
Chile,February 2022,2022,2,February,Coal,1779.047448,18970.901035,0.2688741857446338,146
Chile,February 2022,2022,2,February,Oil,79.835155,1478.781372,0.0120657896553311,146
Chile,February 2022,2022,2,February,Natural gas,1303.151714,16760.315074,0.1969502591948148,146
Chile,February 2022,2022,2,February,Combustible renewables,9.351974,104.723818,0.0014133992868946,146
Chile,March 2022,2022,3,March,Hydro,1316.797141,23028.668392,0.1821843697375648,147
Chile,March 2022,2022,3,March,Wind,783.904091,9362.415979,0.1084563964386171,147
Chile,March 2022,2022,3,March,Solar,1248.973627,13928.285811,0.1728007040484874,147
Chile,March 2022,2022,3,March,Geothermal,40.526065,462.879366,0.005606949909051,147
Chile,March 2022,2022,3,March,Coal,2154.169542,18970.901035,0.2980383295934941,147
Chile,March 2022,2022,3,March,Oil,86.533774,1478.781372,0.0119723080999633,147
Chile,March 2022,2022,3,March,Natural gas,1587.655108,16760.315074,0.2196586977641421,147
Chile,March 2022,2022,3,March,Combustible renewables,9.26784,104.723818,0.0012822442703257,147
Chile,April 2022,2022,4,April,Hydro,1093.507487,23028.668392,0.1630812247666296,148
Chile,April 2022,2022,4,April,Wind,719.453628,9362.415979,0.107296365330725,148
Chile,April 2022,2022,4,April,Solar,1065.672293,13928.285811,0.1589299980186624,148
Chile,April 2022,2022,4,April,Geothermal,39.208419,462.879366,0.0058473829102216,148
Chile,April 2022,2022,4,April,Coal,1884.020564,18970.901035,0.2809751050772972,148
Chile,April 2022,2022,4,April,Oil,231.311464,1478.781372,0.0344968436889011,148
Chile,April 2022,2022,4,April,Natural gas,1662.26637,16760.315074,0.247903593464815,148
Chile,April 2022,2022,4,April,Combustible renewables,9.853339,104.723818,0.0014694865936119,148
Chile,May 2022,2022,5,May,Hydro,1397.45294,23028.668392,0.1950210321573248,149
Chile,May 2022,2022,5,May,Wind,810.84671,9362.415979,0.1131574150221982,149
Chile,May 2022,2022,5,May,Solar,952.582941,13928.285811,0.1329373627202645,149
Chile,May 2022,2022,5,May,Geothermal,45.697353,462.879366,0.0063772773263603,149
Chile,May 2022,2022,5,May,Coal,2106.860177,18970.901035,0.2940220987546844,149
Chile,May 2022,2022,5,May,Oil,178.65789,1478.781372,0.0249325362690566,149
Chile,May 2022,2022,5,May,Natural gas,1664.175865,16760.315074,0.232243452064732,149
Chile,May 2022,2022,5,May,Combustible renewables,9.378588,104.723818,0.0013088254062697,149
Chile,June 2022,2022,6,June,Hydro,1685.819041,23028.668392,0.2367497138553631,150
Chile,June 2022,2022,6,June,Wind,664.07514,9362.415979,0.0932600685778232,150
Chile,June 2022,2022,6,June,Solar,783.550028,13928.285811,0.1100386461469335,150
Chile,June 2022,2022,6,June,Geothermal,18.171666,462.879366,0.0025519564206744,150
Chile,June 2022,2022,6,June,Coal,1982.233431,18970.901035,0.2783769705824462,150
Chile,June 2022,2022,6,June,Oil,276.603898,1478.781372,0.0388451501081236,150
Chile,June 2022,2022,6,June,Natural gas,1700.966069,16760.315074,0.2388769021582263,150
Chile,June 2022,2022,6,June,Combustible renewables,9.261101,104.723818,0.0013005921504095,150
Chile,July 2022,2022,7,July,Hydro,2021.742454,23028.668392,0.2828167258421671,151
Chile,July 2022,2022,7,July,Wind,876.214638,9362.415979,0.1225715741210525,151
Chile,July 2022,2022,7,July,Solar,768.756554,13928.285811,0.1075395192606403,151
Chile,July 2022,2022,7,July,Geothermal,40.662902,462.879366,0.005688236295443,151
Chile,July 2022,2022,7,July,Coal,1916.63196,18970.901035,0.2681130697429849,151
Chile,July 2022,2022,7,July,Oil,117.118583,1478.781372,0.0163834390052008,151
Chile,July 2022,2022,7,July,Natural gas,1399.088093,16760.315074,0.1957150936036195,151
Chile,July 2022,2022,7,July,Combustible renewables,8.3806,104.723818,0.0011723421288915,151
Chile,August 2022,2022,8,August,Hydro,2239.889143,23028.668392,0.3215964347288354,152
Chile,August 2022,2022,8,August,Wind,815.541159,9362.415979,0.1170929061059439,152
Chile,August 2022,2022,8,August,Solar,997.048654,13928.285811,0.1431531972819532,152
Chile,August 2022,2022,8,August,Geothermal,42.735151,462.879366,0.0061357823185798,152
Chile,August 2022,2022,8,August,Coal,1528.911639,18970.901035,0.2195164585061879,152
Chile,August 2022,2022,8,August,Oil,36.501528,1478.781372,0.0052407777874365,152
Chile,August 2022,2022,8,August,Natural gas,1295.966957,16760.315074,0.1860709732890464,152
Chile,August 2022,2022,8,August,Combustible renewables,8.312408,104.723818,0.0011934701255933,152
Chile,September 2022,2022,9,September,Hydro,2229.476177,23028.668392,0.3321812670720032,153
Chile,September 2022,2022,9,September,Wind,798.880028,9362.415979,0.1190292960639056,153
Chile,September 2022,2022,9,September,Solar,1182.092348,13928.285811,0.1761260954504289,153
Chile,September 2022,2022,9,September,Geothermal,39.132043,462.879366,0.0058304868923728,153
Chile,September 2022,2022,9,September,Coal,1077.430715,18970.901035,0.1605320136555979,153
Chile,September 2022,2022,9,September,Oil,63.877607,1478.781372,0.0095174573515021,153
Chile,September 2022,2022,9,September,Natural gas,1311.92831,16760.315074,0.1954710316348142,153
Chile,September 2022,2022,9,September,Combustible renewables,8.808013,104.723818,0.0013123517303798,153
Chile,October 2022,2022,10,October,Hydro,2635.580019,23028.668392,0.3895164904577173,154
Chile,October 2022,2022,10,October,Wind,801.275418,9362.415979,0.118421746431293,154
Chile,October 2022,2022,10,October,Solar,1293.77648,13928.285811,0.1912092481705595,154
Chile,October 2022,2022,10,October,Geothermal,35.681998,462.879366,0.0052734982558992,154
Chile,October 2022,2022,10,October,Coal,883.0126,18970.901035,0.1305018123154712,154
Chile,October 2022,2022,10,October,Oil,47.302902,1478.781372,0.0069909698217003,154
Chile,October 2022,2022,10,October,Natural gas,1063.065481,16760.315074,0.1571121090237196,154
Chile,October 2022,2022,10,October,Combustible renewables,6.591213,104.723818,0.0009741256714312,154
Chile,November 2022,2022,11,November,Hydro,2830.124664,23028.668392,0.4018815012569524,155
Chile,November 2022,2022,11,November,Wind,648.133659,9362.415979,0.0920358495890206,155
Chile,November 2022,2022,11,November,Solar,1421.282868,13928.285811,0.2018240750905052,155
Chile,November 2022,2022,11,November,Geothermal,33.901502,462.879366,0.0048140587910955,155
Chile,November 2022,2022,11,November,Coal,905.704165,18970.901035,0.1286112071863398,155
Chile,November 2022,2022,11,November,Oil,95.170994,1478.781372,0.0135144088991397,155
Chile,November 2022,2022,11,November,Natural gas,1100.695976,16760.315074,0.1563003060922289,155
Chile,November 2022,2022,11,November,Combustible renewables,7.173124,104.723818,0.001018593236719,155
Chile,December 2022,2022,12,December,Hydro,2381.315251,23028.668392,0.3195760411654947,156
Chile,December 2022,2022,12,December,Wind,829.112354,9362.415979,0.1112681085217323,156
Chile,December 2022,2022,12,December,Solar,1623.560347,13928.285811,0.2178842083464811,156
Chile,December 2022,2022,12,December,Geothermal,36.366742,462.879366,0.0048804707539526,156
Chile,December 2022,2022,12,December,Coal,1112.534166,18970.901035,0.1493037363626389,156
Chile,December 2022,2022,12,December,Oil,62.26878,1478.781372,0.0083565626988062,156
Chile,December 2022,2022,12,December,Natural gas,1397.53033,16760.315074,0.1875506445786868,156
Chile,December 2022,2022,12,December,Combustible renewables,8.794444,104.723818,0.0011802274380057,156
